awardName,2015-07-04,firstName,lastName,birthday
Actor In A Supporting Role - Television Series,2010-11-07,Kofi,Ghanaba,1984-08-26
Actress In A Leading Role,2010-11-05,Mel,Giedroyc,1957-10-19
Actor In A Television Series - Drama,2013-04-15,Melissa,McCarthy,1988-11-27
Actor In A Leading Role - Drama Series Or Television Movie,2016-01-20,Luna,Wedler,1954-01-13
Actress In A Leading Role,2001-03-18,Adam,Sandler,1977-07-07
Actress In A Leading Role,2011-06-19,Keri,Russell,1992-07-21
Actress In A Leading Role - Drama Series Or Television Movie,2015-10-29,Liam,Hemsworth,1971-09-08
Actor In A Leading Role,2007-05-06,Billy,Magnussen,1995-07-19
Actor In A Leading Role - Musical Or Comedy Series Or Television Movie,2021-12-03,Roy,Scheider,1992-07-19
Actor In A Supporting Role - Series Or Television Movie,2002-08-28,Dennis,Quaid,1953-06-12
Actress In A Supporting Role - Television Series,2007-11-23,Lorraine,Gary,1971-06-09
Actor In A Leading Role,2018-12-13,Denzel,Washington,1980-05-22
Actress In A Leading Role - Drama Series Or Television Movie,2005-10-29,Kappei,Yamaguchi,1955-12-27
Actor In A Supporting Role - Television Series,2011-11-27,Junko,Takeuchi,1969-09-14
Actor In A Television Series - Drama,2018-12-12,Sola,Sobowale,1989-11-11
Actress In A Leading Role - Musical Or Comedy,2012-04-08,Mary,Elizabeth,1969-10-25
Actor In A Leading Role - Drama Series Or Television Movie,2014-03-19,Funke,Akindele,1996-02-10
Actor In A Television Series - Musical Or Comedy,2015-05-15,Emma,Roberts,1997-11-16
Actor In A Television Series - Drama,2004-08-24,Will,Arnett,1987-10-26
Actor In A Leading Role,2020-01-01,Ronnie,Van,1976-05-30
Actor In A Supporting Role - Series Or Television Movie,2013-04-30,Antony,Varghese,1953-09-17
Actor In A Television Series - Musical Or Comedy,2014-07-27,Mandy,Grace,1997-02-20
Actor In A Supporting Role - Series Or Television Movie,2019-12-25,Madhuri,Dixit,1975-11-12
Actor In A Leading Role - Musical Or Comedy Series Or Television Movie,2009-09-19,Abbie,Cornish,1999-02-11
Actor In A Supporting Role - Television Series,2013-07-09,Krrish,Chhabria,2000-09-07
Actress In A Leading Role,2001-08-14,Akshay,Oberoi,1950-04-01
Actor In A Leading Role - Drama Series Or Television Movie,2018-03-23,Meg,Ryan,1968-12-12
Actress In A Supporting Role - Television Series,2002-04-23,Aadil,Khan,1996-05-03
Actor In A Leading Role - Musical Or Comedy Series Or Television Movie,2002-01-28,Hilary,Duff,1998-11-16
Actress In A Supporting Role - Television Series,2014-10-20,Robert,Redford,1953-08-23
Actor In A Leading Role,2000-02-08,Harrison,Ford,1993-10-01
Actor In A Supporting Role - Series Or Television Movie,2008-04-15,Sharlto,Copley,1963-10-28
Actress In A Supporting Role - Television Series,2010-02-14,Sylvester,Stallone,1986-01-21
Actor In A Supporting Role - Series Or Television Movie,2020-11-18,Jude,Law,1952-01-07
Actress In A Leading Role - Drama Series Or Television Movie,2004-09-17,Paul,Hogan,1990-08-18
Actor In A Television Series - Drama,2009-10-21,Channing,Tatum,1960-03-08
Actress In A Leading Role,2002-09-26,Danny,Aiello,1957-01-11
Actor In A Leading Role,2006-10-20,Joaquín,Furriel,1971-09-24
Actor In A Supporting Role - Series Or Television Movie,2020-10-27,Bruce,Willis,1969-03-08
Actress In A Leading Role - Musical Or Comedy,2009-02-17,Hilary,Swank,1987-01-04
Actress In A Supporting Role - Television Series,2020-08-14,Ryan,Reynolds,1984-09-26
Actor In A Leading Role - Musical Or Comedy Series Or Television Movie,2002-04-09,Christopher,Reid,2001-05-29
Actor In A Television Series - Drama,2004-04-13,Master,P,1972-09-03
Actor In A Supporting Role - Television Series,2019-06-06,Omar,Epps,1961-09-21
Actress In A Leading Role - Musical Or Comedy,2013-09-28,Jay,Chou,1969-11-20
Actor In A Supporting Role - Television Series,2007-02-18,Jai,Brooks,1953-12-03
Actor In A Television Series - Musical Or Comedy,2000-07-23,David,Bowie,1998-12-20
Actress In A Supporting Role - Television Series,2004-05-19,Amanda,Seyfried,1982-04-15
Actor In A Leading Role,2021-07-20,Katie,Douglas,2002-10-25
Actress In A Leading Role,2011-05-15,Nick,Cannon,1984-06-20
Actor In A Leading Role - Musical Or Comedy Series Or Television Movie,2000-11-19,Miriam,Chin,1981-10-21
Actor In A Supporting Role - Television Series,2017-08-08,Jack,Nicholson,1973-11-22
Actress In A Leading Role - Musical Or Comedy,2011-06-14,Chadwick,Boseman,1965-01-21
Actor In A Leading Role,2008-09-12,Ashton,Kutcher,1989-03-02
Actor In A Supporting Role - Series Or Television Movie,2007-02-23,Ben,Stiller,1959-05-10
Actor In A Supporting Role - Television Series,2017-03-06,Robert,De,1951-09-18
Actress In A Leading Role,2013-12-09,Joel,McHale,1968-03-26
Actress In A Leading Role - Musical Or Comedy,2001-05-19,Chris,Rock,1955-03-12
Actor In A Leading Role - Drama Series Or Television Movie,2015-03-10,Josh,Lucas,1975-07-30
Actor In A Supporting Role - Series Or Television Movie,2015-07-10,Too,$hort,1961-07-21
Actor In A Leading Role,2006-09-22,Greg,Kinnear,1974-01-10
Actress In A Supporting Role - Television Series,2010-01-25,Jack,Black,1987-08-18
Actress In A Leading Role - Drama Series Or Television Movie,2015-03-26,Tyler,Oakley,1960-12-02
Actor In A Television Series - Drama,2015-12-10,Brooke,Shields,1980-12-07
Actress In A Supporting Role - Television Series,2002-02-13,Eddie,Murphy,1973-06-23
Actor In A Television Series - Musical Or Comedy,2011-07-01,Gregory,Peck,1950-11-26
Actor In A Television Series - Musical Or Comedy,2020-07-03,James,Franco,1968-08-21
Actress In A Leading Role,2012-01-25,Martin,Lawrence,1993-12-30
Actress In A Supporting Role - Television Series,2011-10-01,Clint,Eastwood,1950-02-18
Actor In A Leading Role,2019-09-09,Ramzy,Bedia,1988-03-13
Actor In A Television Series - Musical Or Comedy,2010-08-17,Satya,Dev,1986-02-16
Actress In A Leading Role - Drama Series Or Television Movie,2018-04-06,Jeremy,Renner,2002-02-18
Actor In A Leading Role - Drama Series Or Television Movie,2018-05-20,Mithun,Chakraborty,1995-09-12
Actress In A Leading Role - Drama Series Or Television Movie,2010-11-07,Sanjay,Dutt,1995-09-01
Actress In A Leading Role,2020-10-30,Aftab,Shivdasani,1996-05-06
Actor In A Television Series - Musical Or Comedy,2001-04-09,Sohail,Khan,1968-04-01
Actor In A Television Series - Drama,2003-05-03,Tusshar,Kapoor,1950-02-24
Actor In A Leading Role,2002-03-12,Nushrat,Bharucha,1966-08-05
Actress In A Leading Role,2018-02-12,Vivek,Oberoi,1998-06-19
Actor In A Supporting Role - Television Series,2015-10-23,Ajay,Devgn,1957-04-24
Actor In A Leading Role,2012-08-03,Akshay,Kumar,1971-12-04
Actress In A Leading Role - Drama Series Or Television Movie,2015-09-14,Kainaz,Motivala,1958-07-07
Actor In A Supporting Role - Television Series,2016-10-15,Sunny,Leone,1984-12-29
Actress In A Leading Role,2019-08-06,Amitabh,Bachchan,1964-03-21
Actor In A Supporting Role - Series Or Television Movie,2002-05-26,Sendhil,Ramamurthy,1953-04-25
Actress In A Leading Role,2017-09-08,Vidya,Balan,1981-10-17
Actor In A Supporting Role - Series Or Television Movie,2003-01-24,Kofi,Siriboe,1961-06-29
Actor In A Supporting Role - Series Or Television Movie,2010-08-08,Pierce,Brosnan,2000-10-25
Actress In A Supporting Role - Television Series,2012-07-10,Brigitte,Kali,1991-08-01
Actor In A Supporting Role - Series Or Television Movie,2021-11-30,David,Oyelowo,1991-07-10
Actor In A Television Series - Drama,2005-12-05,Jason,Momoa,1980-04-15
Actor In A Television Series - Musical Or Comedy,2007-01-06,Anton,Yelchin,1984-12-20
Actress In A Leading Role - Drama Series Or Television Movie,2015-11-17,Arvind,Swamy,1956-11-10
Actor In A Leading Role - Drama Series Or Television Movie,2007-07-10,Anmol,Limbu,1955-06-11
Actor In A Leading Role,2020-05-03,Elizabeth,Banks,1989-07-13
Actress In A Leading Role - Drama Series Or Television Movie,2001-06-13,Holly,Hunter,1951-11-06
Actor In A Leading Role,2016-12-07,John,David,1970-10-01
Actor In A Television Series - Drama,2016-09-13,Finnegan,Oldfield,1992-07-04
Actress In A Leading Role,2012-07-30,Diana,Gómez,1953-03-27
Actress In A Supporting Role - Television Series,2018-07-22,Lokillo,Florez,1973-12-30
Actress In A Supporting Role - Television Series,2000-11-22,Ben,Rausch,1973-09-26
Actress In A Leading Role,2000-02-03,Mike,Ezuruonye,1994-01-14
Actress In A Leading Role - Musical Or Comedy,2008-04-01,Ximena,Romo,1974-11-12
Actress In A Leading Role - Drama Series Or Television Movie,2012-03-18,Joey,King,1985-07-02
Actor In A Supporting Role - Television Series,2013-07-28,Colin,Firth,1965-12-19
Actor In A Supporting Role - Television Series,2000-07-24,Maggie,Smith,1970-05-19
Actor In A Television Series - Drama,2009-08-18,Enhle,Mbali,1967-07-18
Actor In A Leading Role,2001-12-24,Alain,Uy,1972-01-24
Actor In A Leading Role,2000-02-28,Suliane,Brahim,1998-12-11
Actress In A Leading Role - Musical Or Comedy,2001-08-24,Lin-Manuel,Miranda,1984-10-22
Actor In A Supporting Role - Series Or Television Movie,2008-04-07,Shah,Rukh,2000-09-13
Actress In A Leading Role - Musical Or Comedy,2021-05-01,Luis,Brandoni,1992-06-10
Actor In A Television Series - Drama,2009-02-19,Jackie,Collins,1970-08-13
Actor In A Leading Role,2005-10-25,Fernán,Mirás,2002-10-23
Actress In A Leading Role - Musical Or Comedy,2006-11-25,Ramsey,Nouah,1984-01-24
Actor In A Leading Role - Drama Series Or Television Movie,2013-06-11,Ashley,Greene,2001-03-16
Actor In A Leading Role - Musical Or Comedy Series Or Television Movie,2003-12-16,David,Geffen,1990-08-17
Actor In A Leading Role,2014-01-15,Pruitt,Taylor,2000-10-08
Actor In A Leading Role - Drama Series Or Television Movie,2015-01-04,Genevieve,Nnaji,1967-01-26
Actor In A Leading Role - Musical Or Comedy Series Or Television Movie,2020-12-28,Roy,Chiu,1984-09-27
Actress In A Leading Role,2010-07-01,Charles,Grodin,1968-04-28
Actor In A Leading Role - Drama Series Or Television Movie,2017-04-13,Ray,Winstone,2002-10-08
Actor In A Leading Role - Musical Or Comedy Series Or Television Movie,2017-07-03,Scott,Adkins,1992-05-26
Actor In A Supporting Role - Television Series,2009-09-01,Leonardo,DiCaprio,1954-03-24
Actress In A Leading Role,2002-09-25,Bill,Hader,1965-06-01
Actress In A Supporting Role - Television Series,2020-03-09,Thomas,Jane,1974-11-02
Actress In A Supporting Role - Television Series,2017-01-05,Matthew,Broderick,1996-04-01
Actor In A Television Series - Musical Or Comedy,2001-09-03,Haley,Lu,1974-10-15
Actress In A Supporting Role - Television Series,2003-02-19,Samuel,L.,1992-06-07
,,Dane,Cook,1997-09-04
,,John,C.,2003-08-09
,,Damon,Wayans,1995-07-04
,,Dan,Aykroyd,1961-05-10
,,Anna,Chlumsky,1983-01-29
,,William,Townsend,1953-01-22
,,Seth,Rogen,1951-07-22
,,Justin,Long,1993-12-12
,,Diane,Keaton,1974-02-05
,,Tobey,Maguire,1962-12-05
,,Trey,Parker,1993-01-28
,,Hailee,Steinfeld,1989-10-22
,,Abigail,Spencer,1981-12-24
,,Matthew,McConaughey,1977-10-04
,,Jeffrey,Dean,1979-12-12
,,Christian,Bale,1951-10-17
,,Sandra,Bullock,1977-10-23
,,Steve,Harvey,1973-01-29
,,Jessica,Alba,1950-11-26
,,Khaled,Abol,1983-03-13
,,Damilola,Adegbite,1973-02-25
,,Józef,Paw?owski,1980-03-17
,,Grant,Gustin,1972-09-28
,,Diane,Kruger,1972-05-02
,,Jamie,Foxx,1999-01-21
,,Emily,Morris,1971-07-30
,,Shailene,Woodley,1955-03-23
,,Vatsal,Dubey,1959-11-21
,,Rachel,House,1992-04-12
,,Blossom,Chukwujekwu,1973-11-07
,,Molly,Bernard,1962-11-09
,,Faisal,Al,1971-01-16
,,Frank,Grillo,1955-09-18
,,Panisara,Rikulsurakan,1963-08-13
,,Colin,Farrell,1954-05-28
,,Naomi,Watts,2001-02-04
,,Kristen,Stewart,1968-01-17
,,Nadya,Arina,1960-03-26
,,Shia,LaBeouf,1960-03-27
,,Matilda,Lutz,1977-06-13
,,Hong,Chau,1955-03-23
,,Jesse,Eisenberg,1971-04-14
,,Paul,Giamatti,1977-07-22
,,Jassim,Al,1977-07-18
,,Reese,Witherspoon,1993-08-29
,,Bella,Thorne,1995-06-17
,,Bill,Murray,1964-01-03
,,Paul,Walker,1994-05-24
,,Andrzej,Seweryn,1961-07-21
,,Saskia,Hampele,1971-01-19
,,Peter,Yu,1978-10-30
,,Sanjay,Mishra,1996-01-24
,,Guggu,Gill,1968-04-07
,,Majida,El,1967-01-08
,,Remy,Ishak,1970-12-05
,,Maudy,Koesnaedi,1970-05-03
,,Makrand,Deshpande,1966-08-01
,,Mala,Sinha,1980-07-09
,,Taapsee,Pannu,1953-07-04
,,Stan,Nze,1972-11-25
,,Chris,Evans,1994-04-22
,,Lee,Sung-min,1970-01-12
,,Helen,Mirren,1954-10-25
,,Jean-Claude,Van,1975-11-26
,,Mike,Myers,1985-04-20
,,Mark,Wahlberg,1971-11-08
,,Cameron,Diaz,1957-11-04
,,Dylan,Walsh,2003-05-20
,,Walter,Matthau,1963-06-12
,,Tran,Nghia,1996-09-01
,,Katherine,Heigl,1992-03-17
,,Rooney,Mara,2002-04-15
,,Zhang,Ziyi,2001-08-02
,,Christophe,Lambert,1952-06-09
,,Jennifer,Aniston,1992-02-10
,,Natalie,Portman,1952-05-18
,,Chyler,Leigh,1996-06-29
,,Daisy,Ridley,1955-08-19
,,Judi,Dench,1982-06-20
,,Will,Smith,1982-11-11
,,Jay,Baruchel,2002-03-30
,,Chris,Elliott,2002-07-22
,,Chris,Pine,1962-02-25
,,Michael,J.,1966-12-02
,,Marc,Maron,1970-02-23
,,Will,Ferrell,1959-08-20
,,George,Clooney,1976-10-29
,,Taraji,P.,1964-11-21
,,Michael,Douglas,1964-08-13
,,Ralph,Macchio,1970-05-29
,,Kevin,Spacey,1968-07-28
,,David,Carradine,1984-06-11
,,Liv,Tyler,1994-04-20
,,Ben,Affleck,1963-05-30
,,Angelina,Jolie,2003-07-08
,,Kate,Beckinsale,1993-01-19
,,Michael,Sheen,1984-06-27
,,Uzee,Usman,1959-12-09
,,Robin,Williams,1955-08-30
,,Halle,Berry,2000-11-29
,,Theo,James,1956-12-20
,,Brad,Pitt,1987-11-14
,,Olivier,Rousteing,1999-04-26
,,Hassan,Mrad,1976-02-28
,,Liam,Neeson,1954-12-05
,,Guy,Pearce,1984-04-04
,,César,Troncoso,1959-02-16
,,Nkem,Owoh,1959-01-23
,,Flavia,Hojda,1959-09-24
,,Maia,Morgenstern,1967-07-13
,,Raluca,Aprodu,1978-01-25
,,K.J.,Apa,1966-04-16
,,Debbie,Allen,1960-08-22
,,Kevin,Hart,1964-07-26
,,Nancy,Isime,1999-05-02
,,Caress,Bashar,1988-08-08
,,Charlie,Dizon,1975-02-13
,,Asivak,Koostachin,1962-11-15
,,Bradley,Cooper,1999-01-19
,,Max,Jabs,1982-11-15
,,Demián,Bichir,1979-09-29
,,Marco,DAmore,1956-09-14
,,Jane,Fonda,1960-11-19
,,Will,Yun,1953-03-30
,,Troy,Garity,1951-03-28
,,Jeff,Foxworthy,1953-05-31
,,James,Hetfield,1995-03-04
,,Alicia,Sanz,1996-11-09
,,Rachel,Saanchita,1982-07-20
,,Shay,Mitchell,1968-08-10
,,Jimmy,Wong,1982-05-07
,,Marlon,Wayans,1982-01-07
,,Alaa,Hammoud,1965-09-17
,,Le,Khanh,1957-04-14
,,Gethin,Anthony,2002-02-25
,,Ahmad,Khamis,1991-05-22
,,Gina,Rodriguez,1988-10-04
,,Indira,Andrewin,2003-01-17
,,Zoey,Deutch,1989-06-01
,,Rosamund,Pike,1966-01-15
,,Chika,Ike,1963-12-27
,,David,Attenborough,1959-06-18
,,Mae,Martin,1961-01-27
,,Jang,Ki-yong,1958-05-06
,,Jailoshini,Naidoo,1957-05-19
,,Teo,García,1981-08-07
,,Alan,Saldaña,1980-12-30
,,Molly,Nutley,2002-06-26
,,Myriam,Fares,1969-05-15
,,Janine,Gutierrez,1978-10-20
,,Jacob,Elordi,1993-05-23
,,Barbara,Niven,2000-09-27
,,Ashleigh,Sumner,1984-02-29
,,John,Travolta,1957-01-26
,,Craig,Sheffer,1976-01-08
,,Giovana,Cordeiro,1990-09-09
,,Olympia,Dukakis,1972-08-30
,,Tom,Sizemore,1953-09-11
,,Jet,Li,1998-09-27
,,Bill,Ferguson,1950-10-04
,,Stephen,Dorff,1961-09-14
,,Madeline,Carroll,2003-10-01
,,Matthew,Perry,1957-01-04
,,Gabriel,Afolayan,1952-05-10
,,Kip,Pardue,1977-10-02
,,Sean,Penn,1983-04-17
,,Larenz,Tate,1981-09-16
,,Fenessa,Pineda,1978-05-02
,,Michael,Jai,1958-08-06
,,Maaya,Sakamoto,2001-07-09
,,Jeremy,Sisto,1962-07-19
,,Tom,Berenger,1982-08-07
,,Michael,Paré,1960-03-10
,,Alan,Alda,1999-09-05
,,Nicole,Kidman,1960-11-01
,,Susan,Sarandon,1973-11-26
,,Barbra,Streisand,1965-10-02
,,Dev,Patel,1968-05-02
,,Caitlin,Gerard,1990-06-12
,,Asa,Butterfield,1998-07-08
,,Aaron,Paul,1968-07-08
,,Bo,Burnham,1974-12-14
,,Jimmy,Gonzales,1963-10-18
,,Thanapob,Leeratanakachorn,1964-09-03
,,Agustín,Aristarán,1950-07-30
,,Sawsan,Arsheed,1984-12-20
,,Andrea,Arcangeli,1951-08-24
,,Jim,Parsons,1953-09-24
,,Ehan,Bhat,1969-04-20
,,Dave,Bautista,1959-09-18
,,Hend,Sabry,1973-09-11
,,Arnold,Schwarzenegger,1984-07-02
,,John,Hawkes,1952-09-21
,,Amy,Tan,1951-07-17
,,Arjun,Kapoor,1977-02-12
,,Jacob,Latimore,1993-01-11
,,Arif,Zakaria,1960-02-19
,,Vikas,Vasistha,1985-07-23
,,Frank,Lammers,1995-08-29
,,Ewan,McGregor,1951-10-22
,,Erica,Wessels,1981-02-27
,,Ed,Kear,1957-03-14
,,Diaan,Lawrenson,1967-12-06
,,León,Orlandianyi,1968-02-14
,,Amy,Adams,1962-02-14
,,Daniel,Craig,1977-11-26
,,Shalini,Vatsa,1957-10-08
,,Alfonso,Herrera,1961-05-19
,,Mélanie,Laurent,1959-11-19
,,Daniel,Faraldo,1962-09-27
,,Teri,Polo,1999-11-11
,,Kunchacko,Boban,1995-05-19
,,Darren,Wang,1999-05-19
,,Demet,Akba?,1951-04-13
,,Suvinder,Vicky,1958-04-12
,,Kelvin,Harrison,1991-09-24
,,Sooraj,Pancholi,1952-10-01
,,Jennifer,Brea,1961-08-02
,,Mala,Emde,1990-04-24
,,Alec,Baldwin,1979-04-10
,,Dylan,McDermott,1957-01-29
,,Jayden,Greig,1955-08-15
,,Tyrese,Gibson,1971-01-15
,,Eric,Roberts,1995-04-06
,,Robert,Downey,1986-10-11
,,Jim,Carrey,1994-08-18
,,Matt,Damon,1959-06-25
,,Richard,Gere,1962-01-27
,,Sean,Faris,1999-04-26
,,Orlando,Bloom,1955-09-07
,,Patrick,Robinson,1984-06-17
,,Kurt,Russell,1965-04-10
,,Russell,Crowe,1982-07-25
,,Kendall,Ryan,1965-08-03
,,Emile,Hirsch,1952-04-21
,,Keanu,Reeves,1986-12-17
,,Rachelle,Lefevre,1984-01-18
,,Steven,Seagal,2003-04-20
,,Aditya,Modak,1964-07-08
,,Bailee,Madison,1965-07-28
,,Marcus,Majella,1985-03-25
,,Meryl,Streep,1950-10-04
,,Aaron,Eckhart,1957-08-07
,,Nicolas,Cage,1953-09-10
,,Supriya,Pathak,1956-12-02
,,Engin,Günayd?n,2003-01-21
,,Onur,Buldu,1952-12-02
,,Gupse,Özay,1978-12-31
,,Ahmet,Kural,2001-01-31
,,Cem,Y?lmaz,1995-04-13
,,Ali,Sunal,1998-07-04
,,Enrique,Bunbury,1975-05-16
,,Cengiz,Bozkurt,1978-10-06
,,Ezgi,Mola,1976-04-18
,,Suppapong,Udomkaewkanjana,1990-02-13
,,O?uzhan,Koç,1969-07-12
,,Ata,Demirer,2002-12-10
,,Riham,Abdel,1991-11-14
,,Bisola,Aiyeola,1980-03-07
,,Y?lmaz,Erdo?an,1959-09-10
,,Go,Ayano,1996-12-06
,,Anna,Kendrick,1958-07-22
,,Olu,Jacobs,1956-01-25
,,Jessica,Chastain,1975-09-23
,,Edward,James,1967-04-27
,,Imran,Khan,1980-12-12
,,Aamir,Khan,1992-03-19
,,Omkar,Das,1974-12-07
,,Fatima,Sana,1980-06-02
,,Michael,J,1975-08-08
,,America,Young,1984-05-09
,,Mia,Wasikowska,1955-04-09
,,Isaiah,Washington,1983-01-17
,,Alexa,Ilacad,1996-04-06
,,Alexandra,Pfeifer,1956-01-16
,,Chris,Hemsworth,1987-05-25
,,Anthony,Mackie,1989-04-30
,,Andrew,Wilson,1994-05-17
,,Anmol,Thakeria,1968-01-16
,,Daisuke,Ono,1989-12-07
,,Garth,Brooks,1990-10-25
,,Amber,Midthunder,1964-09-04
,,Kiko,Mizuhara,1998-10-06
,,Joaquin,Phoenix,2001-05-20
,,Nasir,Nas,1968-06-21
,,Daniel,Valdez,1965-12-14
,,Chang,Chen,1981-09-14
,,Nannaphas,Loetnamchoetsakun,1957-11-07
,,Panja,Vaisshnav,1976-02-11
,,Yang,Tianxiang,1977-01-26
,,Drew,Barrymore,1980-12-28
,,Um,Tae-goo,1957-04-26
,,Seun,Ajayi,1995-05-30
,,Rajkummar,Rao,1972-04-12
,,Joey,Bada$$,1989-09-01
,,Ardhito,Pramono,1977-02-17
,,Yogi,Babu,1988-06-05
,,Kang,Quintus,1976-01-22
,,Ema,Horvath,1962-06-19
,,Rob,Corddry,1987-04-11
,,Jade,Pettyjohn,1956-09-29
,,Idris,Elba,1975-09-06
,,Brian,Austin,1987-09-22
,,Zainab,Balogun,1989-01-10
,,Fahadh,Faasil,1953-10-03
,,Yolanthe,Cabau,1951-08-04
,,Karole,Rocher,1977-03-07
,,Timothy,Omundson,1974-09-16
,,John,Cusack,1979-03-31
,,Sharman,Joshi,2001-02-05
,,Patrick,Wilson,1987-01-12
,,James,Marsden,1981-07-05
,,Richa,Chadda,1973-10-14
,,Audrey,Hepburn,1952-04-06
,,Sam,Jaeger,1962-01-12
,,Shun,Oguri,1950-04-23
,,Chad,Michael,1998-09-13
,,Casper,Van,1975-10-05
,,Matt,Dillon,1976-07-13
,,Clara,Bernadeth,1971-01-26
,,Sedky,Sakhr,1959-04-10
,,Adrien,Brody,1962-04-03
,,Richard,Wershe,1959-12-28
,,Willem,Dafoe,1990-03-13
,,Brendon,Mcdonnell,1995-08-19
,,Chris,Norton,1982-10-08
,,Simon,Greenall,1986-10-23
,,Kevin,Quinn,1972-03-27
,,Clive,Owen,1972-03-16
,,Meryem,Uzerli,1958-05-11
,,Nathalie,Seseña,1986-08-23
,,Sanya,Malhotra,1955-05-17
,,Elvira,Camarrone,1971-09-07
,,Nicholas,Corda,1970-05-23
,,Loyiso,Gola,2002-11-22
,,Ho-dong,Kang,1993-07-11
,,Taiga,Nakano,1997-02-27
,,Lin,Po-Hung,1990-05-17
,,Alain,Moussi,1977-01-02
,,Chen,Kun,1995-08-23
,,Kristin,Davis,1962-09-14
,,Matheus,Nachtergaele,2001-01-10
,,Nate,Bargatze,2002-03-22
,,Lindsey,Morgan,1973-03-14
,,Gabriel,Iglesias,1969-09-18
,,Saleh,Bakri,1997-11-22
,,OC,Ukeje,1981-03-24
,,Matthew,Modine,1951-02-26
,,Khalid,Bounouar,1978-01-07
,,Taylor,Kitsch,1967-08-17
,,Mark,Rylance,1997-11-17
,,Erdem,Yener,1985-09-24
,,Sarah,Hassan,1963-05-24
,,Talat,Bulut,1999-03-13
,,Ça?atay,Ulusoy,1987-03-11
,,Sedef,Avc?,1957-11-23
,,Sinem,Kobal,1965-06-14
,,Jennifer,Garner,1953-01-29
,,Tolga,Çevik,1954-11-05
,,Alex,Brendemühl,1989-03-06
,,Ari,Irham,2001-05-07
,,Chris,Sheffield,1956-06-28
,,Abdramane,Diakité,1964-07-01
,,Cyli,Khare,1970-09-29
,,P.,Samuthirakani,1988-04-29
,,Christian,Tappan,1970-06-27
,,Toyin,Abraham,1961-01-20
,,Olga,Kurylenko,1995-06-23
,,Adhisty,Zara,1970-10-24
,,Jason,Statham,1994-07-11
,,Josh,Duhamel,1990-11-08
,,Hadley,Robinson,1999-03-17
,,Kevin,Costner,1966-12-22
,,Kiara,Advani,1981-10-03
,,The,Notorious,1991-04-14
,,Emma,Bading,1979-03-11
,,Robbie,Daymond,1999-04-17
,,Dustin,Hoffman,1988-02-25
,,Jules,Wojciechowski,1950-07-14
,,Viggo,Mortensen,1984-02-13
,,Álvaro,Cervantes,1965-11-13
,,Benjamín,Vicuña,1968-09-06
,,Owen,Wilson,2001-03-17
,,Paul,Rudd,1952-03-15
,,Parineeti,Chopra,1989-12-31
,,Alfredo,Castro,1960-09-24
,,Tom,Schilling,1950-07-28
,,Ryo,Yoshizawa,2002-11-06
,,Brian,Regan,1950-11-03
,,Ram,Pothineni,1995-01-17
,,Vera,Farmiga,1999-05-16
,,Shih,Ming-shuai,1988-07-21
,,Oscar,Isaac,1961-07-12
,,Shine,Tom,1998-02-05
,,Manchu,Lakshmi,1999-04-16
,,Shardul,Bhardwaj,1994-11-25
,,Jeni,Ross,2001-02-24
,,Bear,Grylls,1954-09-02
,,Brett,Dalton,1970-05-14
,,Lucy,Loken,1950-04-25
,,Ini,Dima-Okojie,1995-11-17
,,Henry,Golding,1973-08-10
,,Dani,Rovira,1973-10-04
,,Praveen,Tej,1997-07-07
,,Lana,Condor,1958-11-16
,,Verónica,Alva,1964-11-24
,,Silvia,Alonso,1974-07-07
,,Reza,Rahadian,1957-01-19
,,Emayatzy,Corinealdi,1989-12-30
,,Nanna,Blondell,1952-08-31
,,Adrianna,Chlebicka,1998-04-25
,,Abstract,Rude,1966-11-07
,,Hedi,Bouchenafa,1980-03-19
,,Caleb,Castille,1985-10-30
,,Jonah,Hill,1991-02-06
,,Shawn,Yue,1975-07-27
,,Blanche,Gardin,1973-09-19
,,Irrfan,Khan,1951-03-16
,,Chen,Shu-fang,1976-05-17
,,Song,Joong-ki,1952-02-27
,,Riccardo,Scamarcio,1967-03-15
,,Mark,Chao,1996-07-19
,,Julia,Wieniawa-Narkiewicz,1965-03-01
,,Raúl,Arévalo,1999-06-10
,,Alejandro,Peña,1995-09-22
,,Chris,Farley,1986-12-27
,,Bukky,Bakray,2003-02-21
,,Daniel,Padilla,1962-09-14
,,Jonah,Bobo,1965-03-04
,,Joaquim,de,1971-06-25
,,Amy,Forsyth,1964-03-15
,,Javier,Gutiérrez,1958-02-02
,,Kea,Peahu,1987-08-22
,,Carey,Mulligan,1984-02-26
,,Acha,Septriasa,1967-06-22
,,Kurt,Sorge,1994-09-02
,,Tovino,Thomas,1950-03-30
,,Rosa,María,1995-12-04
,,Adarsh,Gourav,1980-11-05
,,Malin,Akerman,1975-05-28
,,Cosmo,Jarvis,2003-10-18
,,Shameik,Moore,1960-12-21
,,Madelaine,Petsch,1962-12-03
,,Lewis,MacDougall,1958-03-03
,,Maggie,Q,1975-08-01
,,Maisa,Silva,1994-03-02
,,Tom,McGrath,1991-10-11
,,Jo,Kyoung-i,1959-08-21
,,Nancy,"Vincenza
In-soo
Mulia
Miller
de
Jacobi
Cluzet
Bachchan
Valderrama
Shome
Jenner
Rahma
Mantel
Kirby
Parker
Khan
Butler
Baasmo
Knoxville
Zellweger
Cope
Hudgens
Thompson
Fairbrass
Martin
Gish
Short
Eagleman
In-pyo
Depp
L.
Zoni
Kang-sheng
Ware-Hill
Blake
Kapoor
Mendoza
Gosselin
Mila
Agus
Bernardo
dAulaire
Chen
Langford
Hughes
Brons
Fletcher
Grande
Thurman
Saad
Nicholson
Mathis
Shore
Davis
Syafie
Jayaram
Rajoli
Jugal
Sanint
Oey
Barretto
De
Schulz
Garcia
Whitaker
Das
Schnetzer
Gibson
Swickard
Ingram
Gil
Alonzo
Ballesteros
Canlas
Germano
Chiang
Coolidge
Frank
Affleck
Lingwei
Hatton
Faxon
Ullmann
Oldman
Milano
Anderson
Ouazani
Hassum
Eldjárn
Sawczuk
OConnell
Hanks
Favreau
Fanning
Musso
Palamides
Selleck
Chiu
Bay
Corfield
Vrana
Phillippe
C.
Sancho
Gifuni
Shin-hye
Ganda
the
Dabbach
Cuneta
Thwaites
Mendes
Kishan
Kaye
Bertuccelli
Metcalfe
Hosny
Parton
Trejo
Agengo
Farley
Long
Malhotra
Khurrana
Lloyd
Siddiqui
Irani
Shimokura
Edgerton
Santos
Troyer
Crosby
Webb
Modgill
Loren
Tosar
Muhlach
B.
Quattordio
Snow
Groove
Wilson
Otedola
Yu-ping
de
Simmons
Fairweather
Soberano
Hall
Locsin
Graham
Leeb
Suresh
Lobrecht
Nagasawa
Thatcher
Glover
Bellair
Hyland
Hutcherson
Savage
Abbott
Gordon-Levitt
Morita
Jones
Nascimento
Gullestad
Barabas
Dìrísù
Attoh
Azmi
Gautry
Fàbregas
DeHaan
Cooper
He
Kapoor
Weaving
Cobham-Hervey
Celestino
Ang
Bogush
Witt
Panganiban
Mays
Dyer
James
McKinnon
Gross
El
El
Khabbaz
Aractingi
Bou
Girardot
Eid
El-Jordi
Bechara
Khoury
Abou
Doueiri
Beksmati
Tueni
Creidi
Smit-McPhee
Bennett
Wairimu
Hawke
Maura
Baron
Hennig
Smart
Conroy
El
Sastrowardoyo
Nichol
Ko
Khan
Devaiah
Bader
Gautam
Blank
&
Maya
Isakova
Pettis
Mitchell
Victoria
Levy
Yaz?c?o?lu
Karayel
Osu
Kaya
Michael
Ochmann
Azreen
Kingsley
Kgoroge
Neill
the
Alem
Eastwood
Farmiga
Jo-Ann
Ogola
Buteau
Makeba
Shah
Kapoor
Deol
Malhotra
Jackman
Bobby
Harrelson
Yamashita
Iwata
Abdel
Grewal
Chakraborty
Pednekar
da
Gims
Waterworth-Santo
Nwachukwu
Holland
Casas
Redgrave
McIntyre
Rasuk
Patrick
Shay
Coronado
Roche
Patekar
Bhave
Deshmukh
Joshi
Reyes
Rajguru
Irmak
Pethe
Kulkarni
Loho
El
Lewis
Massey
Youssouf
Suar
Gisondo
Ah-in
Pekin
Buckley
Gonzaga
Padilha
Leigh
Gröschel
Tung
Ashida
Shimazaki
Banderas
Zuckerman
Gulzar
Henry
Karliak
Pannofino
Azaria
Angelis
Luci
Gregory
Cravalho
Americano
Rey
Stafford
Lin
Greaves-Neal
Farren
Cavill
Deol
Huerta
Stanley
Helmy
Roth
Johnson
Marten
Bridges
Baweja
Shahidi
Bell
Gallagher
Farid
Hall
Corbet
Kapoor
Burrell
Schneider
Bibb
Daddario
Woll
Rinella
Carpenter
Oreiro
Anelka
Hurtado
Jay
Evans
Jeong
Maloway
Huisman
Emily
Bornancin
Mugovhani
March
Béjar
Ugboma
Alexandre
Ukeje
Musia?owski
Marks
Ahluwalia
Lau
Puri
Blunt
Adekola
Etura
Takahashi
Bum-ki
Mashinini
Yen
Whitehall
Bejo
Long
Ledoyen
Iyke
Mastandrea
Carlson
Odendaal
Maged
Theron
Neuville
Dixon
Mercado
Revolori
DeVito
Marbury
Mukerji
Chaudhary
Bajpayee
Kapoor
Rawal
Panichtamrong
Rampal
Abraham
Chopra
Pandit
Pinto
Smil
Khanna
Aaryan
Ranaut
Khandelwal
Kapadia
Pedrad
Dolken
Appiah
Ventura
Drouin
Foster
Lee
Danes
Brown
Caccamo
Lopez
Kagutuzi
Naya
Palmer
Ojo
Martin
Jonnalagadda
Dimri
García
André
Ben
Dunst
Kumar
El-Sherif
Carson
Lenoir
Çiçek
El
Cruz
Shida
Fathi
Chahine
Shawqy
Hamama
Ferro
Mazhar
Labaky
Sharif
Ahmed
Plaza
Schneider
Jalade-Ekeinde
Bacon
Henshaw-Nuttal
Prabhu
Ramadhan
Gupta
Lindo
Koy
Kobayashi
Albutairi
Al-Malki
Garber
Wilson
Da-mi
Sieklucka
Batra
Sheridan
El
Judd
Kher
Padalecki
Ramírez
Gülsoy
Çorumlu
Ronan
Henedi
Abdelkader
Abdulrahman
Khalil
Pawar
Chitima
Abdullah
Kamishiraishi
Eve
Doherty
Al
Sebastian
Ebeid
Al-Sheryani
Al
Lopilato
Daniel
Gadsby
Yanting
Benoist
Amanda
Karno
JKA
Kimura
Rae
Smith
Abdulredah
Bernal
Saleh
Ghanem
El-Babili
Imam
Oboli
Platt
Sula
Richardson-Whitfield
Egelhaaf
Dayama
Ezz
Oswalt
Abdullah
Dominic
El
Shaer
Gutiérrez
Cantona
Jongrachatawiboon
Prescilla
AbdulRahman
Lein
Ibrahim
Al-Qaffas
Hurt
Spade
Albhri
Kemper
Offerman
Crews
Puccini
Holland
Alyasery
Al
Xiaofeng
Obama
Seinfeld
Neto
Kher
Wainraich
Roark
Quevedo
Van
Birbiglia
Swickard
Toboni
Wright
Hammond
Niane
Ebrahim
Fernandez
Stalin
Lewis
Bynes
Mendes
Mesquita
Shiina
Chang
Reddy
Bask?n
Midyat
Ye?ilçay
Ece
Ergenç
Büyükak
Sorbo
Selaru
Khan
Reddy
Dylan
Dujardin
El
Yassin
Gill
Citra
Je-hoon
Ko?uchowska
Etomi
Alonso
Forte
Middleditch
Can
Bouajila
Kross
Moura
Guzzini
Brolin
Peeples
Meirelles
Guzmán
?nand?k
Pressman
Venjaramoodu
Deverakonda
DElia
Osunde
Amell
Claflin
Hanrot
Carr
Ma
del
Ringer
Haddish
Serpico
Prince
Madsen
Helms
Buscemi
Ishikawa
Ghosh
Batra
Kumar
Malhotra
Dhawan
Kumar
Sathish
Marsh
Hashmi
Powley
McDonough
Peltier
Franco
Whelan
Rousey
Salmaan
Koirala
Laurin
Page
Athie
Szalay
Chuengcharoensukying
Hamilton
Lengyel
Segura
Yáñez
Arena
Suzuki
Nejer
Stone
Tani
Kreischer
Miller
Nitin
Dhillon
Mosese
Lodder
Turner
Ji-hoon
Ryan
Bulut
Maritaud
Davis
Rueda
Akintola
A.
Puiu
Peep
Bârl?deanu
Echevarría
Tomlinson
Khumalo
A.
Kaushal
Shannon
Joe
Paige
Day-Lewis
Elmaleh
Fanning
Arjun
Natochenny
Alnefaie
Esoro
Opia
Davidson
Paul
Punk
Kaczynski
Zengel
Hathaway
Sands
van
Aduba
Rockwell
Dima
Vaughn
Dormer
Ramirez
Cyrwus
Vicari
Berning
Sato
Pattinson
Dartyan
Oropeza
Prescott
Pullman
Krishnan
K.
Brie
Amell
T.
Millson
Krantz
Papa
Etxeandia
Fernandez
Parsons
Stevens
Vee
Bowler
Kayama
Apali
Donga
Swift
Schoenaerts
Lustig
Chien-ho
de
Manoela
Fernández
Peijia
Pazos
Feimster
Ramaswamy
Lynch
Watson
Fox
Elizabeth
Tenille
Hardy
Yamazaki
Fassbender
Das
Payne
Assante
Jones
Cepeda
White
Sial
Harris
Love
Martínez
Casillas
Grammer
Welker
Dunham
Derryberry
Baquero
Yeong-seon
Marino
Aaron
Babu
Das
Klein
Yachty
Hori
Rasdien
Mujica
Crea
Badgley
Manson
Kaji
Nolasco
Michael
Clemons
Chaparro
Mulaney
Ealy
Wylie
Bishop
Hopkins
Chieng
Noor
Redmayne
Deshmukh
Nwigwe
Samrat
Fuchigami
Akande
Akhtar
Roshan
Makun
Saraf
Rabee
Wolf
Devine
Gontijo
Johansson
Matsuoka
Okujaye
Bernardi
Jumbo
McIver
Marano
Rishi
Ramos
Shergill
Sandhu
Virk
Sukhsvasti
Verma
Oprea
Morales
Kapoor
Sane
Faris
Rametsi
Adebule
Nzeribe
Malco
Varre
Nelson
Coster-Waldau
Shelby
Choudhury
Deverakonda
Ramírez
Shlesinger
Allamand
Vikander
Davis
Pascual
Menon
Fazal
Toyosaki
Schwartzman
Irino
Camara
Garlin
Moner
Narayan
Pierce
Chao
Meyers
Gillen
Go-eun
Fields
Bell
Schmidt
Simpson
Vale
Bravo
Adams
Justice
Ryan
Machi
Washington
McCormick
Ovenden
Lowe
Carlson
Bostwick
Chalamet
Acosta
Rossello
Chia
Rangaraj
Hall
Kon
Erdo?an
Ejogo
Maux
Dylan
Fazura
Fry
Jin
Slate
Shotwell
Kontante
Montoro
Sadau
Wellington
Painyuli
Nuril
Na-rae
Sossamon
Ökten
Matte
James
Worthington
Titiloye
Vellés
Haiduk
Cole
Haji
Gelino?lu
Bayraktar
Saul
Ciangherotti
Hae-Jin
van
Glaser
Daily
Daniels
McKenzie
Gilligan
Koshiba
Holbrook
Jaffrey
Leung
Ameen
Akkineni
Walsh
Galifianakis
Suárez
del
Maniscalco
Tigres
Polak
Ruth
Egerton
Handler
Han
Michelle
Burr
Rao
Naidu
Boz
Hussain
Prakash
Corsini
Ball
Almeirasi
Marín
González
de
Milian
Medeiros
Scott
Chappelle
Chan
Sapru
Mann
Tambe
Amstell
Plazaola
Ali
Chen-ling
Nunes
Von
Upadhyay
Alazraqui
Cromwell
Ara
Eun-ji
Von
Morin
Jefferies
Morishita
Paz
Kumar
Goutham
Quintana
Artus
Hughley
Martin
Tse
To
Kam-Bo
de
Song
Joshi
Harbour
Reno
Kao
von
Ansari
Ryan
Pipityakorn
Sethupathi
Abad
Layevska
Yorke
Sosa
Epps
Jaa
Gerónimo
Ogata
Civil
Everage
Devine
Bruhn
Mahajan
Myra
Silva
Winfrey
Delgado
Rugaard
Moussamih
Klenke
Avant
Schwarz
Bokma
Ballinger
Rajendra
Dutta
Iancu
Yiu-sing
Patil
Teng
Jung-jae
Alphonsus
Gore
Williams
Dassani
Sykes
Reyes
Raimondo
Duncan-Smith
Sircar
Chatterjee
Edmondson
Arshad
Anderson
Mita
Costa
Robert
Leung
Lago
Poehler
Chou
Wu
Osorio
Suárez
Efron
Sun-kyun
Kokri
Lennon
Ocasio-Cortez
Yusof
Limaye
Chun-Yu
Jeselnik
Hussain
Smed
Kaul
Winslet
Escamilla
Gleeson
Mitra
Kay
Bose
Basu
Allain
Pedraza
Günal
Kurgun
Centineo
Ji-eun
Pereira
Tucci
Snyder
Larson
Maya
Raj
Boran
Yamin
Pineda
Dankwa
Pethe
Gerardo
Latuconsina
Cinsuvapala
Ugarte
Booth
Milby
Viera
Ghaydar
Schumer
Pais
Apte
Rabourdin
Ferrario
Polster
Wang
Soriano
Valdez
Al
Woodard
De
Locke
Lathan
de
Pascual
Gomez
Curtis
Nikaido
Kongmalai
Payet
Steven
Indreies
Ryan
Simba
Aguirre
Highmore
Coronado
Nimri
Ambegaonkar
Bhushan
Jadhav
Duplass
Schmidt
Kang-ho
James
Marie
Aggarwal
Subramanya
Goldenberg
Prakash
Kapoor
Shorey
Baastrup
Ali
Sami
Sherawat
Cooke
Corberó
Romano
Gittins
Anand
Bradley
Mathis
Gyllenhaal
Babbar
Rasheed
Hae-il
Callejo
Hariharan
Avelino
Durant
Francella
Masini
Atay
Qualley
Ribeiro
Ignacio
Vidya
Hasan
Akhtar
Khan
Aulia
Mercado
Hernández
Chase
Miyano
Ahmed
Charoenpura
Tho?ra
Chapman
Aaron
Kasher
Otani
Jeremiah
Cummings
Hicks
Kinison
Allen
Minchin
Glass
Villagrán
McAvoy
Chan
Goh
Lawandi
Chan
Bose
DeGeneres
Menon
Lewis
Moore
Springsteen
Watson
Hu
de
Pizzorno
Lightbody
Somasundaram
Aparicio
Ghini
Macdonald
Sawyers
Hilton
Zafar
Shu
Koo
Teige
Lau
Cheng
Dobriyal
Adzim
Arora
Cheung
Cheung
Ju
Tardiolo
Adjani
Strong
León
Maher
Dika
Noah
Keach
Brewer
Huszar
Islan
Usabiaga
Gregorowicz
Caetano
Huston
Welles
Talpade
Deva
Bakoliya
Ranbir
Cavalheiro
Lin
Filho
Mann
Kurian
Williams
Prince
Maupin
Shabangu
Safary
Arcilla
Maric
Manchu
Coleman
McGowan
Ponce
Ferreira
G.
Dong-won
Taslim
White
Chanda
Dosanjh
Stevens
Uranga
M
Gyllenhaal
Danielsen
David
Amer
Aishah
Tope
Pugh
Sartaaj
Scerbo
Brand
Cleese
Martin
Neundorf
Bhardwaj
Joshi
Maan
Cheema
Gill
Madhav
Grewal
Bawa
Shroff
Kapoor
Yadav
Guggi
Ball
Sunday
Patil
Bajwa
Randhawa
Chatterjee
Pooja
Gill
Barmecha
Khan
Andrade
Yi
Jones
Kenzari
Mendelsohn
Borghi
Atsma
Krasinski
Purser
Mouglalis
Ho
Magimel
Dhanania
Thapa
Kumar
Shah
Kassovitz
Sanz
Pannu
Babu
Bamford
Wells
Qian
Harvey
Vijay
Byung
Kapoor
Doheny
Clark
Bhatt
Shroff
Mathur
Ban
Bell
Khan
Roy
Kapoor
Hooda
Kapur
Schneider
Arenillas
Turner
Odzierejko
Celis
Peña
Gaffigan
Diego
Berglund
Lozano
Byung-hun
Mellera
Esparza
Rivers
Jun
Shawkat
Grover
Suri
Sisniega
Arora
Terzic
Lowden
Dueñas
Uribe
Monroe
Kamau
Kugimiya
Stern
Grace
Kaushal
Amir
Lennie
Sibille
Sami
Sachdeva
Duplass
Starck
Sanjiao
Jacobs
Notaro
Lediga
Yamada
Wong
Bacall
Ballarta
Kondabolu
Schneider
Ransone
Ress
Boon
Giallini
Paola
Hanyu
Ly
Deshpande
Schiena
Arias
Murray
Raj
Sadh
Rahim
Hendricks
Elejalde
Amani
Nye
Lucindo
Seung-ryong
Hale
Harris
Massaro
Ejiofor
Elbaz
Bardem
Davies
Jacobson
Rainey
Dass
Angarano
Lauriente
Schaech
Pace
Emanuelle
Wells
Niño
Acaster
Joy
El
Young
Adams
Wasim
Bateman
Kjellman
Boczarska
Jung
Gervais
Menville
Shiraishi
Leto
Pichot
Valdebenito
Grondin
Mandylor
Banks
Schubert
Chhaya
Romero
Paul
Sobti
Yoon-sik
Escacena
Skarsgård
Kang
Yamada
Mbatha-Raw
Allred
Spall
Borbély
Lee
Hoult
Taibi
García
Fuzz
Marcelo
Iskander
Echikunwoke
Minnette
ONeill
Arango
Zurer
Bosworth
Uchiyama
Blair
Park
Aselton
William
Sylla
Larissa
Barry
Day
Ardohain
Aynne
Tower
Howard
Taylor
Palkar
Cha
Apatow
Ferguson
Huffman
Asner
Camen
Shugliashvili
Michael
Suliman
Talese
Deol
Rainer
Reich
Davis
Huard
de
Morgado
Kumar
Al
Kurt
Lee
Friedlander
Dorfman
Meyer
Didion
Kherici
Forrester
Kapoor
Thaher
Eryi?it
Weaving
Fageeh
Cámara
Pazsitzky
Carrington
Jin
Coronado
McNeil
Lassgård
Ramírez
Gugino
Abidar
Gaga
Waterhouse
Lindbeck
Sareum
Fuqua
Cooper
Copano
Iwanaga
Cohen
Kapoor
Denzongpa
Scott
Kumar
Jahn
Siffredi
Aman
Norton
Freeman
Sbaraglia
Negro
Hamilton
Malek
Habich
Koplitz
Money
Rapace
Paisley
Quinn
Richard
Hollander
Bello
Rayner
Bailey
Fogel
OShea
East
Grace
Silva
Williams
Mande
Mittal
Shaffir
Borràs
Atkinson
Collins
Arcuri
Schilling
Dubosc
Be?ikçio?lu
Pearce
Teeuwen
Planell
Swinton
Bauza
Scovel
Paschall
Anil
Luque
Kydd
Kroll
Park
Walker
Uwais
Soo
Stirling
Oh
Seville
Radhakrishnan
Lynskey
Valverde
Sahi
Fernández
Silverman
Rapace
Sakurai
Coutinho
Morgan
Malone
Pauhofová
MacLaine
Stone
Barratt
Naylor
MacDonald
NNa
deGrasse
Palakrishnan
Jean-Baptiste
Duris
Fisher
Monner
Guenveur
Coogan
Gustafsson
Turner
Lucas
Tersigni
Le
Noriega
Rodarte
Lawrence
Verdú
Johnson
Polessa
Mehra
Subhash
Kapoor
Polvorosa
Sabbagh
Hasselhoff
Segel
Neto
Freeman
Leo
Sondheim
Crow
Kim
Renton
Norton
Jackson
Tatl?tu?
Barbosa
Pires
Portillo
Diggs
Stoessel
Kurth
Anaya
Odenkirk
Bolton
Boyega
León
Carril
Blanchard
Milner
Alonzo
Peck
Brennan
Kalkbrenner
Teichtmeister
Vogel
Nay
Shaw
Saadeh
Rashidi
Pieterse
Baker
Fletcher
Tatasciore
Kirkman
Sampat
Lindhome
Terrell
Weaver
Hall
Morgan
Ammar
OFarrill
Britton
Carey
Badge
Plemons
Paulson
Singh
Watts
Pilioko
Nimoy
Saylor
Naik
Hyland
Alcántara
Ravi
Phillips
Pryor
Chakraborty
Breeskin
Che
Wolk
Bhattacharya
Glover
Lukumuena
Nuhr
Bairagi
Madigan
Carvey
Walters
Lear
Moss
Wilson
Herzog
Zinga
Attal
Couzigou
Rogan
Depardieu
Morita
Bernier
Guo-Qiang
Aizley
Timberlake
Peters
Dornan
LoCascio
Cunningham
Ricca
Amir
Silva
Kier
van
Sharma
Bisio
the
Simmons
Hyland
Aoki
Cross
Crawford
Shawcross
KB
Kranz
Robbins
Purcell
Azakami
Jha
Bana
Aerts
Gallagher
Rollins
Carr
Robinson
Reubens
Yeoh
Wingert
Buress
Wu
Janssen
Benz
Johnson-Reyes
Richards
Andersen
Tucker
May
Kim
Alcázar
Weir
Sampliner
Peretti
Cenac
Cameron
Field
Romney
Hassan
dArcy
Sudberry
Clash
Olin
J.
Light
Dawber
McKeon
Schroder
Van
Clayburgh
Devane
Feldman
W.
King
Wood
Sturgess
Dutta
Duggal
Daba
Hussain
Short
Haukur
Erturan
Giovagnoli
Crudup
Strait
Upton
McCabe
Webber
Archambault
Brydon
Lovitt
Love
Sackhoff
Bening
Teller
Sidhu
Capusotto
Joplin
Farouz
Stroi?ski
Bickelhaupt
Todd
Ali
Bell
Guptha
Gray
Khan
Kunis
Padmakumar
Gorham
Bogarde
McDowell
Winger
Fassaert
Sheen
Flannery
Somerville
Scholten
Graham
Schreiber
McGrath
Baweja
Hatami
Stuhlbarg
Moore
Reid
Howard
Neustaedter
Günsür
Khedekar
Narvekar
Chatterjee
Bhatia
Jun
Acres
Suárez
Castillo
Jeffery
Rachel
Woolford
Bilginer
Hauser
Bizet
Kumar
Miller
Roth
Bradley
Weiwei
Sen
Sharman
Sanz
Burstyn
Michael
Shatner
DeLuise
Forlani
Pereira
Mount
Gibson
Thompson
Diskin
Leslie
Kempton
Abdulrazeq
Powell
OBrien
Hunt
Brown
Sutherland
Christensen
Lane
Williams
G.
Winehouse
Yohn
Glasser
Dekker
Nassar
Ramadan
Bhaskar
Chaplin
Waterston
Lopez
Maghera
Escobar
Couture
Koirala
Levi
Christie
Galuppo
Roohinian
Eid
Saputra
Weeks
Courtney
Hwang
Jackson
Scott
Dhanasevi
Evans
Soto
Marsden
Kamal
Tekindor
Guimarães
Peregrym
Deniro
Cutmore-Scott
Park
Makely
LaMarche
Khalid
Do?andemir
Lister-Jones
Gallner
Hiranyapluek
Na
Wongpuapan
Cruyff
Sheridan
Kaarina
Khanna
Young
Khanna
Shaikh
Whitfield
Espinosa
Atkinson
Judge
Hall
McCoy
Linder
Sorvino
Whitaker
Moody
Ackman
Nayyar
Khattar
Yadav
Kern
Muniz
Sanders
Ingels
Garcia
Broomfield
Graham
Sengupta
Kulkarni
Collette
Ritter
Nhung
Mera
Halfkenny
Hartnett
Gigandet
Darín
Dickey
Kwanten
Shahidi
Seydoux
Blanchett
Ritchson
Gosling
Lazar
Howard
Jene
Robson
Lamarr
Asporaat
Beatty
a
Garcia
Raquel
Russell
Browning
Abargil
Hale
Rangayan
Coulter
Prosperi
Gray
Sudarso
C.
Taylor
Canet
Golightly
Jerikho
Santa
Sheikh
Puri
Maldonado
Larroquette
Rosen
Love
Madsen
Bolgatty
Connors
Spacek
Taylor
Jing",1970-09-01
,,Kang,,1985-04-25
,,Bhisma,,1969-02-11
,,Sienna,,1996-08-11
,,Rodrigo,,2000-04-25
,,Derek,,1992-05-28
,,François,,1997-02-11
,,Abhishek,,1983-02-28
,,Wilmer,,1967-07-10
,,Tillotama,,1961-11-20
,,Michelle,,1965-03-16
,,Anisa,,1954-09-20
,,Bronwen,,1951-05-08
,,Vanessa,,1971-09-30
,,Tony,,1995-07-27
,,Salman,,1979-06-08
,,Gerard,,2003-02-08
,,Anders,,1960-07-17
,,Johnny,,1961-04-12
,,Renée,,1969-04-10
,,Sydney,,1958-04-26
,,Vanessa,,1975-03-14
,,Kenan,,1979-11-29
,,Craig,,1984-05-03
,,Meaghan,,2001-12-06
,,Annabeth,,1958-11-10
,,Martin,,1959-10-16
,,David,,1984-12-16
,,Cha,,1987-07-10
,,Johnny,,1996-02-27
,,Martin,,1979-04-22
,,Panji,,1960-09-13
,,Lee,,1980-11-22
,,Timothy,,1999-06-22
,,Mikaela,,1964-12-31
,,Anil,,1955-04-07
,,Maine,,1982-08-19
,,YaYa,,2003-01-16
,,Jessica,,2003-01-21
,,Ringgo,,1999-12-03
,,Kathryn,,1982-04-11
,,Nils,,1996-05-06
,,Edward,,1981-05-11
,,Josephine,,1981-10-16
,,London,,1991-01-07
,,Michael,,1983-02-09
,,Justin,,1973-06-25
,,Ariana,,1968-03-05
,,Uma,,1957-08-17
,,Mohamed,,1982-01-08
,,Rhys,,1993-02-03
,,Samantha,,1987-12-16
,,Pauly,,1954-07-29
,,Viola,,1962-11-19
,,Mohd,,1992-02-24
,,Kalidas,,1955-10-01
,,M.,,2001-05-24
,,Mahesh,,1966-08-04
,,Antonio,,1985-07-21
,,Morgan,,1955-03-16
,,Julia,,1995-03-17
,,McCoy,,1955-11-29
,,Andrew,,2003-02-12
,,Eddie,,1951-10-27
,,Forest,,1965-10-27
,,Vir,,1998-11-09
,,Ben,,1959-07-25
,,Mel,,2002-05-27
,,Lauren,,1986-09-04
,,Brandon,,1983-01-26
,,Enrique,,1988-03-20
,,Bea,,1999-12-11
,,Paolo,,1994-02-07
,,Elijah,,1985-04-14
,,Elio,,1957-12-02
,,André,,1989-12-13
,,Jennifer,,1951-12-13
,,Amber,,1956-05-25
,,Casey,,1960-01-08
,,Li,,1976-03-07
,,Jay,,1977-12-09
,,Nat,,1979-05-26
,,Kostja,,1978-01-13
,,Gary,,1967-07-31
,,Alyssa,,2001-10-23
,,Gerald,,1980-01-14
,,Sabrina,,2001-01-29
,,Leandro,,1962-06-27
,,Ari,,1999-02-05
,,Katarzyna,,1988-10-26
,,Lucy,,1950-11-11
,,Tom,,1954-03-03
,,Jon,,1982-05-23
,,Dakota,,2000-11-15
,,Mitchel,,1980-05-29
,,Natalie,,1952-05-23
,,Tom,,1999-08-23
,,Kim,,1959-08-21
,,Jelson,,1985-10-26
,,Hermione,,1959-04-14
,,Vlasta,,1966-09-04
,,Ryan,,1994-05-28
,,Alan,,1965-07-01
,,Rodolfo,,1999-10-03
,,Fabrizio,,1978-08-23
,,Park,,1991-02-09
,,Vice,,1992-06-09
,,Larry,,1960-11-26
,,Suhail,,1979-05-30
,,Sharon,,1989-09-04
,,Brenton,,1985-02-01
,,Shawn,,1960-07-29
,,Vinoth,,1966-09-09
,,Noah,,1991-07-12
,,Valeria,,1962-05-24
,,Jesse,,1993-05-05
,,Tamer,,1979-03-24
,,Dolly,,1966-12-09
,,Danny,,1978-02-08
,,Robert,,1977-07-31
,,Keythe,,1957-02-10
,,Jackie,,1963-06-15
,,Pavan,,1970-04-08
,,Ayushmann,,1956-10-31
,,John,,1979-11-21
,,Nawazuddin,,1994-01-23
,,Boman,,1972-06-01
,,Kanto,,2000-09-22
,,Joel,,1958-04-12
,,Bea,,1975-10-17
,,Sarah,,1997-10-02
,,Bing,,1974-12-14
,,Haley,,1997-08-16
,,Viraaj,,1963-09-26
,,Sophia,,1968-12-29
,,Luis,,1982-09-13
,,Aga,,1962-03-02
,,Michael,,1954-12-06
,,Renato,,1984-06-16
,,Brittany,,1965-01-16
,,Gloria,,1980-02-19
,,Lavinia,,1964-07-23
,,Temi,,1958-03-16
,,Wang,,1970-01-10
,,Antonio,,1973-02-18
,,Johnny,,1980-06-19
,,Nia,,1983-04-18
,,Liza,,1971-09-28
,,Natalie,,1985-05-07
,,Angel,,1995-06-02
,,Kat,,1981-07-16
,,Kaitlyn,,1968-03-31
,,Keerthy,,1965-07-07
,,Felix,,1959-01-22
,,Masami,,1963-05-30
,,Sophie,,1950-11-11
,,Danny,,1962-12-11
,,Leslie,,1965-07-30
,,Brad,,1953-12-13
,,Josh,,2002-10-05
,,Fred,,2000-01-10
,,Christopher,,1970-05-16
,,Joseph,,1990-02-28
,,Pat,,1992-02-16
,,Matt,,1971-12-15
,,Loo,,1954-05-21
,,Thomas,,2000-08-20
,,Victoria,,1968-06-14
,,??p??,,1990-10-26
,,Chris,,1972-12-03
,,Shabana,,1966-10-12
,,Lannick,,1965-11-24
,,Juli,,1984-03-20
,,Dane,,1985-03-12
,,Sarah,,1996-03-25
,,Mike,,1982-11-01
,,Ranbir,,1964-04-21
,,Hugo,,1957-07-10
,,Tilda,,1985-08-31
,,Anne,,1963-12-27
,,Cathy,,1980-04-29
,,Elizabeth,,1964-08-11
,,Gitte,,1965-04-30
,,Angelica,,1996-01-08
,,Daniel,,1969-11-02
,,Natalia,,1983-03-30
,,Lily,,2001-01-16
,,Kate,,1972-04-11
,,Michael,,1975-09-11
,,Ezzat,,1958-11-15
,,Rodney,,1960-01-11
,,Georges,,1969-04-21
,,Philippe,,1978-10-17
,,Hadi,,1992-04-14
,,Hippolyte,,2001-09-23
,,Rana,,1970-01-05
,,Talal,,1998-08-26
,,Flavia,,1951-11-19
,,Soraya,,1971-10-18
,,Nada,,1965-10-11
,,Rami,,1976-03-08
,,Rola,,1955-01-27
,,Nadia,,1950-12-17
,,Imad,,1962-11-06
,,Kodi,,1993-06-23
,,Stu,,1991-08-08
,,Brenda,,1974-08-02
,,Ethan,,1987-10-18
,,Carmen,,1961-01-04
,,Sacha,,1964-07-03
,,Shelley,,1971-12-23
,,Tamara,,1970-07-18
,,Kevin,,1959-10-07
,,Hassan,,1987-09-02
,,Dian,,1968-08-16
,,Jefri,,1968-04-08
,,Kai,,1985-07-06
,,Fardeen,,1991-07-15
,,Gulshan,,1963-12-19
,,Emily,,1953-05-21
,,Yami,,1979-02-24
,,Radha,,1963-10-10
,,Bigflo,,1975-07-14
,,Brian,,1981-06-04
,,Viktoriya,,1957-11-10
,,Madison,,1967-08-18
,,Nahanni,,1986-09-06
,,Noree,,2002-09-22
,,Daniel,,1986-11-13
,,Mert,,1986-01-16
,,Emre,,1999-03-10
,,Beverly,,1984-10-15
,,Binnur,,1978-06-07
,,Jaden,,1977-01-22
,,Mauricio,,1987-12-12
,,Hairul,,1984-07-04
,,Ben,,1992-05-30
,,Tony,,1973-03-12
,,Sam,,2003-11-14
,,Tommy,,1990-08-17
,,Baraa,,1975-02-04
,,Scott,,1981-05-28
,,Taissa,,2002-11-24
,,Camilla,,1967-10-08
,,Brian,,1964-03-19
,,Michelle,,1954-06-15
,,Miriam,,1969-09-09
,,Naseeruddin,,2002-01-12
,,Shahid,,1978-12-25
,,Abhay,,1988-06-12
,,Chirag,,1975-09-02
,,Hugh,,2001-05-25
,,Millie,,1975-06-27
,,Woody,,1997-04-07
,,Kenjiro,,1990-02-16
,,Takanori,,1963-05-19
,,Karim,,1985-05-25
,,Gippy,,1962-01-28
,,Soham,,2001-11-25
,,Bhumi,,1998-02-22
,,Andovi,,1993-08-12
,,Maître,,1998-10-08
,,Lizzie,,1973-05-20
,,Obinna,,1984-07-15
,,Tom,,1992-09-23
,,Mario,,1982-05-19
,,Vanessa,,1966-11-13
,,Michael,,1980-03-05
,,Victor,,1950-06-29
,,Neil,,1990-01-08
,,Seyi,,1975-08-05
,,Natalia,,1954-06-10
,,Patrick,,1965-01-08
,,Nana,,1977-10-15
,,Subodh,,1974-03-05
,,Sagar,,1978-05-11
,,Hrishikesh,,2001-09-29
,,Madison,,1998-09-12
,,Rinku,,1989-03-20
,,?ahin,,1977-02-10
,,Parna,,1971-06-11
,,Sonalee,,1986-05-01
,,Christian,,1979-04-10
,,Youssef,,1957-03-12
,,Judah,,1992-05-17
,,Vikrant,,1983-08-04
,,Fathia,,1971-10-01
,,Adrián,,1996-09-20
,,Skyler,,1984-12-24
,,Yoo,,1964-04-24
,,Bü?ra,,1973-02-03
,,Jessie,,1979-09-11
,,Toni,,2002-01-28
,,Afonso,,1971-08-18
,,Rachael,,1982-03-06
,,Cornelia,,1984-05-01
,,Son,,2001-02-25
,,Mana,,1972-12-30
,,Nobunaga,,2002-07-26
,,Antonio,,1973-12-01
,,Josh,,1952-07-16
,,Rakhee,,1958-01-01
,,Thierry,,1960-02-01
,,JP,,1964-12-29
,,Francesco,,1978-11-04
,,Hank,,1970-05-26
,,Michael,,1981-01-26
,,Michela,,1970-07-02
,,Jacob,,1970-05-25
,,Aulii,,1957-12-11
,,Paulo,,1971-08-19
,,Javier,,1962-09-18
,,Chris,,1996-05-15
,,JC,,1985-05-11
,,Adam,,1993-11-29
,,Eamon,,1982-06-08
,,Henry,,1996-11-22
,,Bobby,,1958-03-06
,,Tenoch,,1984-02-17
,,Sadie,,1958-05-11
,,Ahmed,,1965-08-28
,,Cecilia,,1970-05-26
,,Adeniyi,,1955-07-03
,,Gading,,1979-01-28
,,Jeff,,1957-05-30
,,Harman,,1951-09-12
,,Yara,,1994-06-14
,,Antonio,,1987-05-21
,,Teresa,,1990-07-30
,,Mina,,2000-04-10
,,Rebecca,,1960-10-10
,,Brady,,1964-05-09
,,Janhvi,,1958-09-22
,,Ty,,1964-06-03
,,Rob,,1969-02-05
,,Leslie,,1971-12-23
,,Alexandra,,1951-01-31
,,Felicitas,,1952-03-28
,,Steven,,1983-05-04
,,Sabrina,,1962-07-22
,,Natalia,,1971-09-17
,,Nicolas,,1961-05-15
,,Ricardo,,1983-07-06
,,Sam,,1965-09-20
,,Scott,,1963-03-23
,,Ken,,1976-04-01
,,Elyse,,2001-02-20
,,Michiel,,1979-06-07
,,Hannah,,1994-10-11
,,Ashley,,1960-06-03
,,Fulu,,1968-11-11
,,Hunter,,1969-12-22
,,Junior,,1982-11-12
,,Bovi,,1981-11-24
,,Gil,,2001-09-15
,,O.C.,,1988-01-17
,,Maciej,,1975-11-13
,,Hannah,,1998-02-23
,,Dolly,,1952-08-13
,,Henry,,1969-09-17
,,Om,,2002-10-05
,,Emily,,1980-11-05
,,Odunlade,,1960-04-24
,,Marta,,1971-07-07
,,Issey,,1998-02-02
,,Hong,,1970-02-13
,,Bahle,,1991-08-06
,,Donnie,,1983-05-20
,,Jack,,1964-01-18
,,Bérénice,,1954-04-29
,,Nia,,2000-04-24
,,Virginie,,1996-09-21
,,Jim,,1987-10-04
,,Valerio,,1964-02-25
,,Urzila,,1984-06-20
,,André,,1964-03-20
,,Hesham,,1973-02-02
,,Charlize,,1977-05-16
,,Maaike,,1983-01-13
,,Scott,,1954-01-26
,,Walter,,1957-06-09
,,Tony,,1993-07-16
,,Danny,,1955-11-02
,,Stephon,,1979-01-23
,,Rani,,1991-02-23
,,Manish,,2001-02-15
,,Manoj,,1991-03-17
,,Rishi,,1953-03-14
,,Paresh,,1964-04-30
,,Peemapol,,1995-03-10
,,Arjun,,1969-08-05
,,John,,2003-05-19
,,Priyanka,,2000-04-29
,,Shiv,,1951-11-17
,,Freida,,1969-03-02
,,Lukram,,1990-06-11
,,Vinod,,2003-09-19
,,Kartik,,1951-04-14
,,Kangana,,1996-06-05
,,Rajeev,,1993-02-07
,,Dimple,,1961-08-30
,,Nasim,,1984-05-10
,,Adipati,,1953-01-31
,,Jackie,,1963-07-12
,,Thiago,,1997-11-06
,,Macy,,2002-11-13
,,David,,1954-03-14
,,Tommy,,1983-07-08
,,Claire,,1952-03-30
,,Eli,,1950-08-06
,,Cristiano,,1954-04-08
,,George,,1998-04-19
,,Edward,,1980-08-23
,,Beverly,,2000-08-05
,,Teresa,,1962-07-25
,,Wale,,1964-09-29
,,Ronwaldo,,1992-05-06
,,Siddhu,,1990-04-13
,,Tripti,,1983-05-25
,,Jorge,,1991-01-28
,,Eric,,1971-02-24
,,Anna,,1992-07-06
,,Kirsten,,1972-03-27
,,Jitendra,,2003-05-11
,,Nour,,1998-04-30
,,Sofia,,1997-11-07
,,Alban,,1971-12-31
,,Dilan,,1961-06-27
,,Khaled,,1978-05-04
,,Penélope,,1990-04-09
,,Mirai,,1970-05-02
,,Naglaa,,1999-04-01
,,Youssef,,1984-12-03
,,Farid,,1982-05-16
,,Faten,,1959-04-12
,,Angie,,1993-05-04
,,Ahmad,,1990-05-02
,,Nadine,,1966-06-11
,,Omar,,1970-11-17
,,Hamdy,,1978-09-09
,,Aubrey,,1992-10-06
,,John,,1983-08-22
,,Omotola,,1971-07-29
,,Kevin,,1992-10-08
,,Kate,,1954-09-22
,,Vikram,,1994-03-21
,,Iqbaal,,1981-09-05
,,Sayani,,1961-08-09
,,Delroy,,1952-05-13
,,Jo,,1970-02-04
,,Seiran,,1995-02-18
,,Fahad,,1970-02-04
,,Fayez,,1960-01-08
,,Victor,,1995-11-02
,,Luke,,1998-02-27
,,Kim,,1998-03-25
,,Anna-Maria,,1971-12-12
,,Rakesh,,1954-07-30
,,Tye,,1977-03-23
,,Maged,,1985-11-27
,,Ashley,,1954-06-18
,,Saiyami,,1957-07-02
,,Jared,,1965-01-22
,,Edgar,,1961-04-16
,,Bu?ra,,1996-05-05
,,Ça?lar,,1973-05-21
,,Saoirse,,1985-10-02
,,Mohamed,,1956-03-30
,,Shaimaa,,1999-09-02
,,Hisham,,1988-09-20
,,Amina,,1981-09-18
,,Sunny,,1957-11-21
,,Tendaiishe,,1953-04-13
,,Saad,,1977-04-12
,,Moka,,1951-02-18
,,Alice,,1982-08-24
,,Juliet,,1960-06-20
,,Ali,,1986-02-04
,,Kenny,,1988-10-06
,,Nabila,,1958-01-09
,,Saeed,,2003-10-27
,,Mansour,,1978-08-02
,,Luisana,,1991-06-27
,,Juan,,1994-08-09
,,Hannah,,1963-05-28
,,Lü,,1997-04-03
,,Melissa,,1951-02-25
,,Rachel,,1979-06-30
,,Rano,,1969-02-28
,,Swanky,,2003-08-22
,,Fumino,,1978-12-05
,,Issa,,1973-08-27
,,Mike,,1977-05-10
,,Abdulhussain,,1970-03-03
,,Loretto,,1991-05-05
,,Said,,1980-05-21
,,Samir,,1950-01-19
,,Suhair,,1963-07-19
,,Adel,,1993-09-07
,,Omoni,,1958-12-06
,,Ben,,1982-03-23
,,Jessica,,2003-10-24
,,Salli,,1977-04-02
,,Gustavo,,1973-09-28
,,Yashaswini,,1989-03-20
,,Mai,,1973-04-22
,,Patton,,1987-01-07
,,Reem,,1981-04-03
,,Rita,,1979-01-25
,,Mohamed,,1969-03-07
,,Farah,,1992-12-16
,,Quim,,1960-02-01
,,Eric,,1974-12-19
,,Numthip,,1951-05-21
,,Vanesha,,2000-05-10
,,AlMulla,,1990-09-07
,,Diana,,1955-12-07
,,Jamal,,1966-08-06
,,Abdulmohsen,,1988-10-18
,,William,,1950-12-25
,,David,,1956-02-05
,,Khalifa,,1984-01-13
,,Ellie,,1950-12-26
,,Nick,,1991-08-20
,,Terry,,1989-03-05
,,Vittoria,,2000-08-17
,,André,,1957-01-26
,,Saga,,1978-12-03
,,Faisal,,1967-01-24
,,He,,1955-02-15
,,Michelle,,1987-02-27
,,Jerry,,1966-12-17
,,Luccas,,1965-01-06
,,Anupam,,1999-10-09
,,Sebastián,,1975-01-02
,,Michael,,1950-04-11
,,Ricardo,,1983-03-14
,,Grace,,1962-01-25
,,Mike,,1964-06-03
,,Josh,,2002-09-06
,,Jacqueline,,1982-04-08
,,Jeffrey,,1974-05-25
,,Darrell,,1990-02-23
,,Adama,,1997-10-02
,,Vincent,,1986-06-10
,,Jacqueline,,1960-08-01
,,Udhayanidhi,,2001-09-04
,,Leah,,1958-08-28
,,Amanda,,1962-06-24
,,Camila,,1999-02-04
,,Danilo,,1952-11-13
,,Kippei,,1960-02-08
,,Joseph,,1953-10-25
,,Vaibhav,,1970-01-23
,,Cezmi,,1967-01-04
,,Sermiyan,,1989-07-30
,,Nurgül,,1980-09-22
,,Eda,,1957-11-15
,,Halit,,1967-02-03
,,?brahim,,1989-04-08
,,Kevin,,1962-04-16
,,Andrei,,1965-04-15
,,Moin,,1965-05-23
,,Nitin,,1970-07-27
,,Bob,,1952-12-19
,,Jean,,1967-05-02
,,Ahmed,,1973-01-11
,,Asser,,1968-01-26
,,Kanan,,1967-10-07
,,Bunga,,1982-04-04
,,Lee,,1950-04-07
,,Ma?gorzata,,1990-07-27
,,Adesua,,1984-09-14
,,Pedro,,1954-09-20
,,Will,,1980-07-06
,,Thomas,,1965-04-04
,,Müfit,,1973-08-24
,,Sami,,1966-06-15
,,David,,1970-09-18
,,Wagner,,1957-12-28
,,Néstor,,1997-12-28
,,Josh,,1966-01-21
,,Aubrey,,1951-10-19
,,Maurício,,1974-09-04
,,Luis,,1973-12-02
,,Asl?,,1962-08-12
,,Yassi,,1960-10-20
,,Suraj,,1955-08-26
,,Vijay,,1966-04-29
,,Chris,,1960-11-15
,,Jemima,,1968-02-19
,,Robbie,,1955-12-20
,,Sam,,1973-01-05
,,Zita,,1993-12-31
,,Seth,,1953-11-29
,,Tzi,,1974-10-07
,,Martin,,1990-02-04
,,Noah,,1970-02-15
,,Tiffany,,1974-03-10
,,Terry,,1999-08-07
,,Brooklynn,,1985-09-07
,,Jessica,,1950-10-19
,,Ed,,1975-11-08
,,Steve,,1969-09-23
,,Yui,,1964-08-28
,,Kaustav,,2001-02-06
,,David,,1974-11-22
,,Dilip,,2002-09-07
,,Sidharth,,1954-09-12
,,Varun,,1991-02-18
,,Raaj,,1968-09-24
,,Nivedhithaa,,1992-11-01
,,Matthew,,1951-11-26
,,Emraan,,1985-06-23
,,Bel,,1979-07-11
,,Neal,,1962-11-12
,,Sladen,,1965-01-21
,,Lorena,,2000-01-21
,,Nicky,,1970-07-07
,,Ronda,,1993-01-07
,,Dulquer,,1980-07-01
,,Manisha,,1979-03-24
,,Guillaume,,1991-08-06
,,Ellen,,1979-06-04
,,Mamoudou,,1969-07-05
,,Csongor,,2002-09-02
,,Chutimon,,2002-10-18
,,Bethany,,1957-01-31
,,Ferenc,,1965-12-25
,,Tom,,1972-09-30
,,Eileen,,1979-05-07
,,Aniello,,1959-03-23
,,Tatsuhisa,,1975-07-13
,,Malik,,1956-01-29
,,Sharon,,1980-06-24
,,Kanon,,1990-11-11
,,Bert,,1992-02-22
,,T.J.,,1951-09-24
,,Neil,,1991-02-20
,,Poonam,,1964-12-07
,,Salamina,,1967-02-25
,,William,,1991-10-10
,,Stephanie,,1979-11-27
,,Ju,,1958-07-15
,,Amy,,1951-05-02
,,Aras,,1971-05-21
,,Félix,,1983-08-10
,,Miles,,1970-08-27
,,Belén,,1995-10-01
,,Bimbo,,1964-11-22
,,Araya,,1970-09-14
,,Cristi,,1983-03-19
,,Lil,,1985-05-07
,,Monica,,1969-10-31
,,Paula,,1995-07-05
,,Taylor,,1956-11-21
,,Nqobile,,1951-08-23
,,David,,1952-05-28
,,Sunny,,1985-11-20
,,Michael,,1981-03-18
,,Billie,,1959-08-03
,,Maurice,,1958-08-01
,,Daniel,,1992-10-25
,,Gad,,1989-12-21
,,Elle,,1991-08-04
,,Allu,,2000-06-03
,,Sarah,,1974-02-15
,,Moayad,,1999-01-25
,,Lilian,,1985-09-15
,,Weruche,,1974-01-22
,,Pete,,1977-01-18
,,John,,1994-05-08
,,CM,,1992-05-03
,,Ted,,1963-12-08
,,Helena,,1987-08-01
,,Anne,,1972-06-28
,,Julian,,1971-12-19
,,Marlee,,1963-06-26
,,Uzo,,1988-11-27
,,Sam,,1953-06-14
,,Ini,,1960-03-24
,,Vince,,1992-12-05
,,Natalie,,1955-07-18
,,Sue,,1970-10-14
,,Piotr,,2002-10-12
,,Lisa,,1983-09-28
,,Lika,,1987-04-23
,,Takeru,,1964-11-20
,,Robert,,1953-12-19
,,Della,,2001-08-22
,,Steve,,1962-09-15
,,Kathryn,,1975-05-22
,,Bill,,2000-01-12
,,Priyamvada,,1992-08-17
,,Ama,,1983-03-26
,,Alison,,1985-01-22
,,Stephen,,1985-06-23
,,Willy,,2001-06-19
,,Joseph,,1963-12-27
,,Robert,,2001-10-24
,,Tom,,1997-07-23
,,Asier,,1961-09-30
,,Shiloh,,1953-06-07
,,Nathan,,2002-06-05
,,Amber,,1953-06-22
,,Cristina,,1976-04-04
,,Grant,,1995-03-16
,,Mei,,1980-02-17
,,Djédjé,,1989-03-18
,,Frank,,1963-03-12
,,Taylor,,1958-10-16
,,Matthias,,1976-05-18
,,Menashe,,1985-06-16
,,Wu,,1992-03-13
,,Gys,,1956-03-04
,,Larissa,,1999-03-14
,,Alex,,1996-05-16
,,Huang,,1973-01-04
,,Andrés,,1951-10-20
,,Fortune,,1978-06-06
,,Mu,,1972-01-31
,,David,,1955-03-29
,,Emma,,1993-03-10
,,Crystal,,2001-01-09
,,Lauren,,1954-06-05
,,Tiffany,,2002-01-27
,,Tom,,1997-09-14
,,Kento,,1979-05-24
,,Michael,,1987-06-08
,,Arnali,,1970-01-22
,,Tom,,1964-10-18
,,Armand,,1966-05-15
,,Leslie,,1964-03-20
,,Angie,,1964-03-26
,,Betty,,2002-03-12
,,Amit,,1951-02-22
,,Johnny,,2003-03-22
,,Faizon,,1955-12-17
,,Oscar,,1968-04-07
,,Hánssel,,1998-09-22
,,Kelsey,,1956-08-28
,,Frank,,1970-12-08
,,Jeff,,1988-08-25
,,Debi,,1969-05-24
,,Ivana,,1982-05-15
,,Gim,,1993-06-21
,,Putri,,1955-03-06
,,Nestor,,1992-04-19
,,Ravi,,1981-01-20
,,Nandita,,1950-12-04
,,Chris,,1968-05-14
,,Lil,,1967-10-24
,,Miona,,1977-05-06
,,Joey,,1995-10-12
,,José,,1981-11-23
,,Vincenzo,,1994-02-09
,,Penn,,1999-08-19
,,Amy,,2002-10-18
,,Yuki,,1980-06-20
,,Amaury,,1950-04-01
,,Kenn,,1997-01-10
,,Kiersey,,1990-02-17
,,Omar,,1998-07-27
,,John,,1977-06-28
,,Michael,,1981-12-22
,,Sofia,,1954-03-15
,,Ime,,1974-01-10
,,Anthony,,1971-07-17
,,Ronny,,1962-08-26
,,Mostafizur,,1972-06-23
,,Eddie,,1970-05-08
,,Riteish,,1979-06-17
,,Enyinna,,1962-08-16
,,Pulkit,,1994-12-13
,,Mai,,1990-06-17
,,Dakore,,1956-09-30
,,Farhan,,1950-07-22
,,Hrithik,,1974-07-19
,,Ayo,,1978-10-17
,,Rohit,,1986-03-10
,,Ali,,1950-02-24
,,Michelle,,1951-04-09
,,Loretta,,1998-12-06
,,Petrônio,,1970-11-17
,,Scarlett,,1979-01-22
,,Yoshitsugu,,1966-02-04
,,Ivie,,1951-05-12
,,Paloma,,1996-06-21
,,Uche,,1991-09-18
,,Rose,,1998-07-24
,,Laura,,1959-04-18
,,Nirmal,,1967-12-11
,,Khalil,,1986-11-22
,,Jimmy,,1952-03-03
,,Harrdy,,1989-07-29
,,Ammy,,1964-03-29
,,Krissiri,,1987-04-26
,,Harish,,1955-02-25
,,Emilian,,1981-06-08
,,Christian,,1972-02-13
,,Sonam,,1993-08-15
,,Mama,,1991-08-03
,,Hakim,,1976-01-19
,,Thabo,,1977-08-16
,,Baaj,,1985-08-02
,,Sambasa,,1962-01-28
,,Romany,,1961-07-05
,,Rakesh,,1960-02-17
,,Violet,,1975-07-17
,,Nikolaj,,1970-02-26
,,Carroll,,1993-02-06
,,Bikram,,2001-04-11
,,Anand,,1979-04-12
,,Lorena,,1959-07-18
,,Iliza,,1995-07-30
,,Ignacia,,2003-03-23
,,Alicia,,1979-06-21
,,Wade,,1986-09-26
,,Pilar,,1988-03-15
,,Adithya,,1982-06-20
,,Ali,,1967-11-01
,,Aki,,1974-01-24
,,Jason,,1968-12-26
,,Miyu,,1994-01-31
,,Fadily,,1959-03-28
,,Jeff,,1990-07-10
,,Isabela,,2003-04-25
,,Roger,,1979-03-27
,,Wendell,,1996-03-17
,,Deng,,2000-12-01
,,Seth,,1999-02-16
,,Aidan,,1993-02-01
,,Kim,,1952-12-23
,,Joshua,,1959-10-02
,,Drake,,1969-04-20
,,Kendall,,1986-11-11
,,Casey,,1976-08-01
,,Mason,,1954-06-16
,,Ciara,,1994-10-05
,,Rahart,,1954-08-06
,,Victoria,,1989-03-10
,,Garrett,,1989-10-11
,,Carmen,,1950-06-05
,,Kerry,,1956-08-10
,,Sierra,,2000-12-23
,,Julian,,1975-02-15
,,Rob,,1954-02-12
,,Katlyn,,1950-02-23
,,Barry,,1975-02-06
,,Timothée,,1951-07-18
,,Sergio,,2002-01-10
,,Grego,,1996-12-06
,,Alyssa,,1951-04-27
,,Madhampatti,,2001-01-17
,,Arsenio,,1979-03-18
,,Hiyori,,1989-07-05
,,Nehir,,1971-10-31
,,Carmen,,1986-10-25
,,Inge,,1969-08-28
,,Jakob,,1956-03-21
,,Nur,,1995-11-28
,,Stephen,,1969-12-14
,,Zhang,,1956-09-15
,,Jenny,,1981-07-30
,,Charlie,,1966-01-18
,,Aylin,,1985-05-05
,,Biel,,1969-07-29
,,Rahama,,1995-05-05
,,Banky,,1961-03-03
,,Priyanshu,,2000-09-16
,,Fedi,,1996-08-20
,,Park,,1978-04-05
,,Shannyn,,1986-08-28
,,Güler,,1965-09-06
,,Martin,,2003-04-18
,,Kery,,1950-05-22
,,Sam,,1979-04-08
,,Gbenga,,1958-12-31
,,Manuela,,1964-09-24
,,Stacy,,2003-06-30
,,Deon,,1955-04-10
,,Ali,,2001-10-30
,,Cem,,1976-12-12
,,Selim,,1999-10-09
,,Gigi,,1962-12-08
,,Cassandra,,2000-09-28
,,Park,,1992-01-24
,,Vajèn,,1968-11-25
,,Nikki,,1956-04-30
,,Elizabeth,,1965-10-04
,,Jeff,,1992-03-27
,,Ben,,1959-04-02
,,Mo,,1951-07-12
,,Fuka,,1970-03-01
,,Boyd,,1972-03-09
,,Meezaan,,1964-08-03
,,Tony,,1980-08-11
,,Aml,,1984-02-08
,,Nagarjuna,,1958-03-21
,,Matt,,1990-07-16
,,Zach,,1967-11-20
,,Emma,,1970-08-04
,,Iria,,1994-05-21
,,Sebastian,,1951-09-29
,,Los,,1987-02-16
,,Jack,,1966-09-26
,,Samantha,,1970-09-02
,,Taron,,1995-07-15
,,Chelsea,,1962-03-10
,,Lu,,2003-08-17
,,Ava,,1977-12-16
,,Bill,,1956-11-06
,,Subba,,1979-03-12
,,Vishwaksen,,1958-04-10
,,Murat,,1959-07-25
,,Karam,,1989-11-21
,,G.V.,,1977-09-06
,,Olivia,,1952-03-22
,,Sonja,,1951-04-07
,,Ibrahim,,1954-07-14
,,Iván,,2002-02-23
,,Luciano,,1988-08-24
,,Natalia,,1979-06-13
,,Christina,,1975-09-22
,,Leonardo,,1976-07-01
,,Travis,,1962-01-04
,,Dave,,1987-07-06
,,Carlos,,1957-11-02
,,Priti,,1984-07-11
,,Sharry,,2002-10-21
,,Smita,,1982-03-05
,,Simon,,2000-06-04
,,Jon,,1960-05-19
,,Saif,,1992-05-10
,,Wen,,1985-12-02
,,Whindersson,,1987-06-07
,,Calum,,1968-06-13
,,Khushboo,,1996-11-03
,,Carlos,,1965-10-04
,,James,,1951-03-25
,,Go,,1964-02-22
,,Jung,,1950-12-01
,,Theo,,1956-07-16
,,Brent,,1989-02-26
,,Jim,,1997-01-08
,,Kozo,,2003-04-30
,,Adriana,,1977-03-01
,,Vijay,,1981-05-19
,,Raja,,1972-09-15
,,Bernat,,1978-10-12
,,Victor,,1951-12-12
,,D.L.,,1968-09-26
,,Demetri,,1968-10-09
,,Nicholas,,2003-12-17
,,Chapman,,1989-07-09
,,Sammo,,1973-03-09
,,Estefanía,,1977-09-05
,,Brenda,,1973-02-05
,,Suhas,,2002-03-27
,,David,,1986-10-04
,,Jean,,1963-06-21
,,Jack,,1981-03-27
,,Max,,1954-08-25
,,Aziz,,1964-05-19
,,Katherine,,1964-12-29
,,Phantira,,1977-03-22
,,Vijay,,1988-10-29
,,Jesús,,1969-02-02
,,Ana,,1968-07-16
,,Thom,,1968-05-13
,,Daniel,,1985-11-07
,,Mike,,1957-08-09
,,Tony,,1991-10-31
,,Luis,,1999-11-06
,,Megumi,,1997-08-22
,,François,,1980-10-06
,,Khalil,,1959-09-01
,,Adam,,1965-07-19
,,Niklas,,1981-08-09
,,Abhay,,1969-05-31
,,Pihu,,1987-06-12
,,Maísa,,1964-11-10
,,Oprah,,1986-08-23
,,Gonzalo,,1958-07-07
,,Clara,,1981-07-24
,,Adam,,1987-08-02
,,Lena,,1958-05-09
,,Clarence,,1979-03-13
,,Aenne,,1984-07-12
,,Pierre,,1967-08-27
,,Colleen,,1982-02-22
,,Suyog,,1994-03-12
,,Subrat,,1990-12-08
,,Bogdan,,2003-01-06
,,Lam,,1977-01-20
,,Anjali,,1953-07-07
,,Shen,,1958-01-09
,,Lee,,1960-03-13
,,Anwulika,,1992-10-24
,,Jack,,1984-10-14
,,Allison,,1990-09-09
,,Abhimanyu,,1978-05-17
,,Wanda,,1983-11-06
,,Cristine,,1963-05-16
,,Saverio,,1984-01-24
,,Eden,,1964-09-20
,,Tiya,,1991-07-12
,,Lolita,,1977-10-18
,,Beattie,,1956-05-17
,,Talha,,1952-02-08
,,Joe,,1968-08-26
,,Hepi,,1964-04-14
,,Antonella,,1975-12-31
,,Dylan,,1982-03-03
,,Tony,,1965-08-04
,,Clara,,1968-04-07
,,Amy,,1978-12-30
,,Collin,,1980-08-25
,,Jing,,1980-05-20
,,Sebastián,,1960-04-11
,,Blanca,,1964-11-13
,,Zac,,1985-08-29
,,Lee,,1987-09-20
,,Gagan,,1971-06-30
,,John,,1995-06-24
,,Alexandria,,1976-03-03
,,Syamsul,,1987-02-21
,,Upendra,,1978-07-01
,,Francis,,1956-10-08
,,Anthony,,1983-06-29
,,Zoya,,1996-02-29
,,Esben,,2003-08-15
,,Manav,,2003-03-26
,,Kate,,1986-04-03
,,Franco,,1997-01-13
,,Domhnall,,1965-06-15
,,Koena,,1973-01-31
,,Kay,,1967-09-13
,,Rahul,,2001-05-07
,,Mahabrata,,1987-12-06
,,Jessica,,1964-03-30
,,María,,1973-04-30
,,Nil,,1987-11-27
,,Cansu,,1956-07-03
,,Noah,,1980-04-08
,,Lee,,1993-09-11
,,Liss,,2002-05-31
,,Stanley,,1991-05-28
,,Clayton,,1963-08-06
,,Brie,,1983-07-31
,,Luna,,1982-04-30
,,Harvind,,1979-01-20
,,Jing,,1970-03-23
,,Hajira,,1971-11-07
,,Daniella,,1992-02-08
,,Cynthia,,1979-04-14
,,Rahul,,1974-04-17
,,Luis,,1960-11-08
,,Prilly,,2003-02-05
,,Sarun,,1992-11-24
,,Adriana,,1993-02-07
,,Douglas,,1973-12-28
,,Sam,,1954-05-31
,,Alexis,,1974-12-12
,,Aishwarya,,1982-02-25
,,Amy,,1953-10-24
,,Josh,,1975-08-07
,,Radhika,,2000-04-02
,,Olivier,,1958-05-21
,,Edoardo,,1963-11-01
,,Victor,,1979-01-21
,,Chien-Ming,,1974-10-30
,,Maricel,,1962-09-10
,,Ronaldo,,1988-05-18
,,Hussain,,1970-05-29
,,Alfre,,1963-07-30
,,Cécile,,2003-11-28
,,Spencer,,1969-09-01
,,Sanaa,,1963-03-17
,,Ai-Ai,,1994-10-04
,,Piolo,,1956-08-15
,,Richard,,1986-01-22
,,Anne,,1953-06-07
,,Fumi,,1957-12-25
,,Artiwara,,1984-11-17
,,Manu,,1985-07-20
,,Bradley,,1950-07-24
,,Andrei,,1958-05-19
,,Debby,,1959-03-21
,,Maxwell,,1988-01-07
,,Luis,,1960-01-17
,,Freddie,,1994-07-27
,,José,,1976-04-28
,,Najwa,,1977-08-18
,,Mona,,1973-07-20
,,Ravi,,1958-10-02
,,Usha,,1991-06-14
,,Mark,,1985-09-02
,,Noémie,,1950-10-02
,,Song,,1965-11-19
,,Kevin,,1967-08-10
,,Janae,,1986-08-25
,,Kajal,,1972-08-14
,,Deepak,,1989-08-13
,,Ariel,,1959-06-18
,,Prashant,,1981-01-21
,,Kareena,,1998-03-06
,,Ranvir,,1982-03-03
,,Lise,,1975-07-24
,,Lucky,,1982-03-05
,,Madeleine,,1998-05-02
,,Mallika,,1993-03-24
,,Sam,,1952-04-18
,,Úrsula,,1989-11-04
,,Ray,,1971-05-04
,,Sam,,2003-03-06
,,Rajeev,,2003-01-13
,,Dee,,1977-10-14
,,James,,1980-01-16
,,Jake,,1954-10-08
,,Arya,,1978-06-01
,,Imran,,1962-03-26
,,Park,,1971-09-09
,,Luis,,1962-01-23
,,Sruthi,,1959-02-16
,,Paulo,,1959-04-14
,,Clare,,1989-08-27
,,Guillermo,,1991-03-30
,,Franco,,1964-12-22
,,Ali,,1962-07-29
,,Margaret,,1961-12-23
,,Leonardo,,1978-11-22
,,Paco,,1976-08-29
,,Geetika,,1958-10-13
,,Sajid,,1983-01-24
,,Junaid,,1967-01-19
,,Bruce,,1986-09-04
,,Shandy,,1998-04-22
,,Jennylyn,,1977-05-19
,,Alain,,1985-10-10
,,Chevy,,1996-11-02
,,Mamoru,,1977-10-12
,,Tauquir,,1964-04-13
,,Inthira,,1962-03-04
,,Kristi?n,,1994-08-03
,,Graham,,1960-07-15
,,Dan,,1960-08-27
,,Moshe,,1989-12-07
,,Ikue,,1959-06-09
,,Andrea,,1991-03-18
,,Whitney,,1981-08-10
,,Bill,,1995-08-25
,,Sam,,1976-07-04
,,Tim,,1985-07-02
,,Tim,,1996-11-15
,,Todd,,1998-08-10
,,Julián,,1985-08-18
,,James,,1985-05-27
,,Tedd,,1956-04-12
,,Edwin,,1970-08-24
,,William,,1954-04-24
,,Kit,,2001-03-11
,,Priyanka,,1973-10-03
,,Ellen,,2002-11-01
,,Samyuktha,,1968-03-12
,,Gavin,,1986-11-26
,,Julianne,,1966-10-10
,,Bruce,,1985-10-23
,,Emily,,1993-04-11
,,Kelly,,1963-06-18
,,Alessandra,,1965-11-07
,,Sergio,,1981-03-31
,,Gary,,1956-03-02
,,Guru,,1992-04-22
,,Yalitza,,1990-11-06
,,Massimo,,1952-09-27
,,Danielle,,1973-04-28
,,Parker,,2003-08-16
,,Paris,,1977-05-06
,,Ali,,1993-07-01
,,Qi,,1970-04-06
,,Louis,,1975-04-20
,,Lisa,,2000-12-11
,,Andy,,1956-01-13
,,Ekin,,1968-06-20
,,Deepak,,1980-06-15
,,Zahiril,,1980-03-12
,,Kainaat,,1996-10-16
,,Jacky,,1972-08-17
,,Nick,,1972-09-19
,,Wenpei,,1998-07-23
,,Adriano,,1996-03-20
,,Isabelle,,1981-03-11
,,Tara,,1952-12-31
,,Paco,,1967-11-03
,,Kaitlyn,,1988-07-13
,,Raditya,,1952-05-02
,,Trevor,,1994-05-03
,,Stacy,,1951-02-26
,,Madeline,,2001-03-22
,,Stephen,,1960-07-17
,,Chelsea,,1998-02-12
,,Joseba,,1971-04-25
,,Lucas,,1999-10-23
,,Ana,,2003-11-17
,,John,,1990-04-27
,,Orson,,1975-08-13
,,Shreyas,,1967-12-24
,,Prabhu,,1983-11-10
,,Yudhveer,,1970-07-01
,,Rana,,1969-06-21
,,Scott,,1965-09-05
,,Shen,,1968-04-05
,,Edmilson,,1976-11-12
,,Harbhajan,,1992-02-24
,,Mithra,,1978-02-01
,,Katt,,1973-09-25
,,Roshan,,1967-09-13
,,Armistead,,1996-05-24
,,Mncedisi,,1964-03-05
,,Darsheel,,1995-05-11
,,John,,1967-01-16
,,Milan,,1961-05-11
,,Lakshmi,,1981-12-25
,,Ronnie,,1977-09-30
,,Zach,,1969-07-31
,,Gisela,,1965-06-13
,,Joaquín,,1993-12-20
,,Becky,,1961-10-17
,,Gang,,1970-03-06
,,Joe,,1974-08-02
,,Ron,,1957-01-09
,,Barun,,1959-01-26
,,Diljit,,1953-05-25
,,Dan,,1991-03-18
,,Kandido,,1964-09-03
,,Sandrinna,,2000-11-01
,,Maggie,,1976-07-20
,,Anders,,1968-10-12
,,Keith,,1973-02-04
,,Mo,,1981-07-10
,,Puteri,,1990-06-02
,,Travis,,1976-06-07
,,Florence,,1990-05-02
,,Satinder,,1965-07-25
,,Cassandra,,1982-08-04
,,Russell,,1963-03-13
,,John,,1960-02-06
,,Steve,,1972-10-16
,,Morgan,,2001-01-22
,,Adesh,,1980-09-17
,,Deep,,1963-05-30
,,Gurdas,,1970-12-21
,,Sarabjit,,1987-06-23
,,Amrinder,,1970-07-08
,,Nandu,,1989-08-27
,,Ravinder,,1957-03-06
,,Ranjit,,1997-09-09
,,Jackie,,1994-01-06
,,Kunal,,1962-03-21
,,Rajpal,,1964-06-20
,,Gurpreet,,1987-11-19
,,Ashleigh,,1966-05-22
,,Gabriel,,1991-01-11
,,Shivam,,1972-03-24
,,Neeru,,1963-11-28
,,Kulraj,,1975-12-29
,,Soumitra,,2003-09-07
,,Miss,,1997-01-02
,,Sippy,,1982-01-21
,,Rajat,,1978-08-31
,,Feroze,,1963-11-20
,,Júlio,,1955-03-29
,,Li,,1988-11-08
,,Quincy,,1986-01-12
,,Marwan,,1966-10-11
,,Ben,,1973-06-28
,,Alessandro,,2000-09-23
,,Barry,,1950-04-06
,,John,,1977-08-13
,,Shannon,,1954-01-18
,,Anna,,2000-05-27
,,Peter,,1989-08-05
,,Benoît,,1962-11-16
,,Tanmay,,1964-05-30
,,Geetanjali,,1978-07-26
,,Saharsh,,1962-11-23
,,Shefali,,1970-01-29
,,Mathieu,,1969-01-01
,,Vito,,1966-10-08
,,Tapsee,,2003-04-26
,,Mahesh,,1993-07-16
,,Maria,,1950-05-26
,,Robb,,1997-01-17
,,Sun,,1993-07-08
,,Kyle,,1994-05-22
,,Joseph,,1993-07-15
,,Yoo,,1981-11-17
,,Harshvardhan,,1993-05-17
,,Daniel,,1957-07-03
,,Zion,,1972-06-03
,,Alia,,1963-03-14
,,Tiger,,1968-07-29
,,Arjun,,1965-06-10
,,Taito,,1975-05-21
,,Kristen,,1989-03-11
,,Irfan,,1989-04-08
,,Aditya,,1965-04-19
,,Karisma,,1986-05-19
,,Randeep,,1966-04-22
,,Pankaj,,1957-07-21
,,Mark,,1999-04-02
,,Mora,,1976-10-05
,,Jane,,1954-03-24
,,Nathalie,,1968-05-12
,,Coco,,1970-08-31
,,Michael,,1966-11-02
,,Jim,,1990-11-23
,,Juan,,1961-01-31
,,Kelli,,1971-08-12
,,Francisca,,1957-03-01
,,Lee,,1955-10-17
,,Luciano,,1984-12-06
,,Felipe,,1997-02-05
,,Joan,,1976-10-01
,,Zhao,,1985-11-30
,,Alia,,1978-04-14
,,Gulshan,,1977-12-14
,,Sanjay,,1990-03-11
,,Sofía,,1951-02-13
,,Shashank,,1978-06-01
,,Alma,,1981-10-26
,,Jack,,1983-02-22
,,Jani,,1986-07-07
,,Adrián,,1993-09-16
,,Maika,,1959-02-27
,,W.,,2003-06-22
,,Rie,,1984-04-18
,,Sarah,,1974-12-09
,,Chloë,,1960-08-27
,,Vicky,,1968-07-12
,,Guy,,1985-06-03
,,Bárbara,,1989-01-22
,,Pietro,,1970-08-15
,,Osamah,,1988-07-20
,,Kritika,,1997-11-18
,,Jay,,1973-03-22
,,Felix,,2001-08-14
,,Fernando,,1997-04-30
,,Gillian,,2003-01-15
,,Tig,,1976-10-06
,,Kagiso,,1971-06-30
,,Yasuo,,1976-05-03
,,Ali,,2003-11-19
,,Michael,,1962-09-26
,,Carlos,,1997-03-14
,,Hari,,1997-05-09
,,Helge,,1971-06-03
,,James,,1972-05-22
,,Jed,,1978-12-07
,,Dany,,1956-05-18
,,Marco,,1985-12-04
,,Danna,,1976-02-12
,,Zhang,,1950-09-07
,,Jean-Paul,,1990-05-22
,,Sushama,,1978-03-26
,,Tony,,1950-10-10
,,Imanol,,1950-05-10
,,Kimberly-Sue,,1960-10-01
,,Prakash,,1974-06-29
,,Amit,,1953-11-12
,,Tahar,,1958-11-24
,,Christina,,1999-07-09
,,Karra,,1951-07-30
,,Enissa,,1988-05-18
,,Bill,,1971-12-16
,,Fábio,,1961-10-08
,,Ryu,,1984-03-25
,,Lucy,,1952-04-22
,,Ed,,1987-07-07
,,Johnny,,2001-04-02
,,Chiwetel,,1992-06-10
,,Vincent,,1958-09-28
,,Carlos,,1978-02-13
,,Greg,,1982-02-18
,,Abbi,,1977-02-02
,,Michael,,1961-06-20
,,Ram,,1993-03-08
,,Michael,,1972-07-04
,,Lucas,,1994-04-12
,,Johnathon,,2002-01-18
,,Lee,,1983-10-29
,,Elvire,,1987-04-13
,,Noël,,1950-04-17
,,Sofía,,1968-04-10
,,James,,1973-02-28
,,Mary,,1981-03-05
,,Nora,,1961-10-21
,,Neil,,2003-06-29
,,Chanté,,1952-12-11
,,Zaira,,1950-08-26
,,Gabriel,,1975-11-17
,,Björn,,1974-11-24
,,Magdalena,,1973-06-30
,,Woo-sung,,1989-01-10
,,Ricky,,1975-10-25
,,Scott,,1960-10-11
,,Haruka,,1979-01-31
,,Jared,,1953-08-28
,,Malena,,1963-09-06
,,Natalia,,1992-04-06
,,Marc-André,,1982-09-12
,,Louis,,1996-08-24
,,Azealia,,1974-01-07
,,Olaf,,1955-10-09
,,Harsh,,1954-06-09
,,Berto,,1960-06-03
,,John,,1975-07-15
,,Barun,,1960-09-08
,,Baek,,1982-03-29
,,Sandra,,2000-03-03
,,Alexander,,1976-04-17
,,Ha-neul,,2002-10-31
,,Ryosuke,,1977-02-06
,,Gugu,,1954-01-31
,,Gloria,,1980-04-01
,,Rafe,,1974-06-04
,,Alexandra,,1972-09-15
,,Dong-hwi,,1996-11-04
,,Nicholas,,1958-11-12
,,Selima,,1975-09-22
,,Macarena,,1980-11-28
,,Fakkah,,1953-10-10
,,Sebastián,,1990-10-22
,,Harith,,1963-02-03
,,Megalyn,,1995-07-07
,,Dylan,,1963-10-01
,,Nigel,,1998-08-30
,,Julián,,1978-02-25
,,Ayelet,,1997-08-03
,,Kate,,1988-08-27
,,Kouki,,1991-06-01
,,Macon,,1972-05-20
,,Romi,,1989-05-27
,,Katie,,1969-02-21
,,Seann,,1961-12-23
,,Ahmed,,1961-03-19
,,Lina,,2003-07-04
,,Todd,,1955-06-21
,,Nicholas,,1964-06-28
,,Carolina,,1956-03-16
,,Khiyla,,1990-12-27
,,Jeremiah,,2000-03-14
,,Russell,,1956-09-09
,,Eliza,,1956-02-08
,,Mithila,,1977-12-03
,,In-pyo,,1990-01-08
,,Judd,,1989-08-31
,,Craig,,1958-04-06
,,Logan,,1995-02-24
,,Edward,,1980-01-29
,,Joey,,1974-12-04
,,Ia,,1961-12-06
,,Don,,1972-02-15
,,Ali,,1958-03-06
,,Gay,,1998-03-09
,,Sunny,,1972-12-24
,,Lewis,,1984-05-11
,,Robert,,1989-08-14
,,DeRay,,1994-12-02
,,Patrick,,1976-04-16
,,Alexis,,1993-08-10
,,Diogo,,1970-06-23
,,Uttam,,1953-12-24
,,Yasser,,2003-01-25
,,Stefan,,1992-09-05
,,Min-ho,,2002-02-01
,,Judah,,1985-12-25
,,Elsa,,1960-05-03
,,Carson,,1975-12-15
,,Joan,,1980-09-11
,,Reem,,1993-04-19
,,Kura,,1956-01-23
,,Shammi,,1975-06-15
,,Ahmad,,1971-04-12
,,Funda,,1989-07-19
,,Samara,,1980-07-23
,,Hisham,,1986-09-19
,,Javier,,1976-01-28
,,Christina,,1996-02-09
,,Rodney,,1988-02-03
,,Goo,,1978-02-27
,,Jose,,1993-08-27
,,Scott,,1966-09-02
,,Rolf,,1959-05-08
,,Arcelia,,1958-07-04
,,Carla,,1982-07-20
,,Loubna,,1969-12-27
,,Lady,,1983-11-07
,,Suki,,1994-11-18
,,Erica,,1956-10-22
,,Sreymoch,,1992-02-28
,,Antoine,,2002-08-27
,,Nesta,,1976-11-18
,,Fabrizio,,1979-05-15
,,Hiroaki,,1969-09-19
,,Scott,,1953-03-08
,,Rajiv,,1966-09-23
,,Danny,,1993-02-06
,,Adam,,1999-10-28
,,Sanjeev,,1999-04-10
,,Moritz,,1954-10-20
,,Rocco,,1967-03-09
,,Zeenat,,1997-09-09
,,Edward,,1995-03-08
,,James,,1981-04-06
,,Leonardo,,1982-12-15
,,El,,1964-01-02
,,Ryan,,1950-09-09
,,Rami,,1980-07-30
,,Matthias,,1955-05-02
,,Lynne,,1978-07-15
,,Montrail,,1989-04-17
,,Noomi,,1962-08-21
,,Brad,,1951-12-24
,,Colin,,2002-02-08
,,Robert,,1959-05-11
,,Máximo,,1957-03-16
,,Maria,,1999-12-27
,,Adam,,1969-08-27
,,Laura,,1962-03-07
,,Bryan,,1968-02-22
,,Fionn,,1960-03-03
,,Chloe,,1979-04-05
,,Topher,,2003-01-30
,,Michael,,1997-09-20
,,Jessica,,1981-08-05
,,Joe,,1962-07-08
,,Aditi,,1968-03-24
,,Ari,,1955-10-28
,,Marcel,,1983-01-25
,,Brian,,2003-05-25
,,Lily,,1969-03-06
,,Amanda,,1956-01-12
,,Taylor,,1962-11-02
,,Franck,,1982-12-28
,,Erdal,,1994-01-22
,,Nina,,1978-04-09
,,Hans,,1997-06-15
,,Teo,,1986-12-06
,,Tilda,,1999-07-30
,,Eric,,1951-12-23
,,Rory,,1976-09-24
,,Haven,,1996-08-12
,,Jiya,,1999-03-28
,,Marco,,1971-01-08
,,Jonathan,,1951-11-03
,,Nick,,1975-05-31
,,Hae-Jin,,1968-11-24
,,Benjamin,,1952-12-14
,,Iko,,1950-12-02
,,Ko,,2000-11-14
,,Rachael,,1974-05-24
,,Sandra,,1978-02-11
,,Cal,,1971-06-03
,,Jayaprakash,,1967-08-29
,,Melanie,,1975-11-21
,,Isis,,1974-01-13
,,Deepa,,1970-08-22
,,Eduard,,1963-02-27
,,Sarah,,1952-10-10
,,Ola,,1956-04-09
,,Takahiro,,1965-09-05
,,Laerte,,1972-05-02
,,Tracy,,1953-09-24
,,Jena,,1964-06-21
,,Tatiana,,1988-10-13
,,Shirley,,1960-01-23
,,Roger,,1953-02-04
,,Julian,,1967-11-28
,,Robert,,1958-03-29
,,Norm,,1963-07-19
,,Manu,,1962-12-14
,,Neil,,1958-03-30
,,Sivakumar,,1985-09-01
,,Lucien,,1968-01-10
,,Romain,,1959-01-17
,,Sarah,,1993-11-25
,,Àlex,,1956-06-01
,,Roger,,1960-01-25
,,Steve,,1950-03-17
,,Robert,,1962-05-30
,,Callum,,1975-08-18
,,Keith,,1977-03-08
,,Ludovico,,1954-07-04
,,Charlotte,,1997-11-08
,,Eduardo,,1953-11-08
,,Miguel,,1953-07-30
,,Connor,,1987-09-04
,,Maribel,,1990-01-05
,,Jake,,1984-11-09
,,Zezé,,1951-01-07
,,Vinod,,1985-04-07
,,Amruta,,1992-10-04
,,Shashi,,1985-02-10
,,Ana,,2003-02-20
,,Alan,,1995-03-04
,,David,,1971-03-07
,,Jason,,1959-03-22
,,Felipe,,2001-08-24
,,Morgan,,1951-12-28
,,Melissa,,1994-04-17
,,Stephen,,1977-04-09
,,Rachel,,2001-11-11
,,Nam-gil,,1950-10-09
,,Dan,,1978-08-19
,,Jim,,1999-06-13
,,Trevor,,1987-05-30
,,K?vanç,,1967-01-18
,,Jesuíta,,1999-01-22
,,Cleo,,1956-03-16
,,Blanca,,1996-09-18
,,Daveed,,1970-07-27
,,Martina,,1954-02-08
,,Peter,,2002-08-26
,,Elena,,1976-01-10
,,Bob,,1951-03-03
,,Michael,,1958-05-15
,,John,,1993-09-17
,,María,,1952-10-15
,,Francesco,,1966-01-05
,,Thomas,,1983-04-01
,,Bill,,1992-09-30
,,Cristela,,1982-07-10
,,Josh,,1978-05-18
,,Neal,,1968-04-13
,,Paul,,2003-01-11
,,Florian,,1986-09-02
,,Jürgen,,1969-06-14
,,Jonas,,1987-04-29
,,Vinessa,,1974-08-05
,,Alain,,1995-08-26
,,Narges,,1954-04-27
,,Sasha,,1969-05-08
,,Troy,,1992-11-06
,,Brendan,,1952-09-01
,,Fred,,1967-11-20
,,Jen,,1974-03-26
,,Deepak,,1951-01-20
,,Riki,,1963-04-25
,,Devon,,1950-11-19
,,Jacki,,2001-02-23
,,Eddie,,1959-05-24
,,Colin,,1993-09-08
,,Lamis,,1990-09-02
,,Ricardo,,1967-01-15
,,Noah,,2002-09-18
,,Mariah,,1975-06-29
,,James,,1957-07-05
,,Jesse,,1998-06-30
,,Sarah,,1963-04-14
,,Satnam,,1965-10-29
,,Reggie,,2000-07-29
,,Toki,,1963-12-19
,,Leonard,,1953-02-03
,,Morgan,,1961-06-18
,,Usha,,1964-12-13
,,Ben,,1952-07-08
,,Carlos,,1971-06-14
,,Dinesh,,1967-04-29
,,Linas,,1950-09-01
,,Richard,,1998-06-18
,,Ritwick,,2003-07-05
,,Olga,,1979-08-23
,,Michael,,1967-09-15
,,James,,1995-10-15
,,Joyraj,,1982-10-27
,,Donald,,1964-09-01
,,Déborah,,2001-02-18
,,Dieter,,1983-05-14
,,Rahul,,1987-03-06
,,Kathleen,,1955-07-22
,,Dana,,1990-09-14
,,Julie,,1978-07-18
,,Norman,,1985-08-31
,,Makenzie,,1969-01-23
,,Ruth,,1978-11-10
,,Werner,,1978-09-17
,,Marc,,1955-12-28
,,Yvan,,2000-12-09
,,Devi,,1952-05-30
,,Joe,,1993-05-06
,,Gérard,,1985-08-15
,,Masakazu,,1962-12-05
,,Mélanie,,1960-05-23
,,Cai,,2000-10-20
,,Carrie,,1985-03-08
,,Justin,,1962-01-13
,,Russell,,1989-06-07
,,Jamie,,1971-06-14
,,A.J.,,1963-05-11
,,Ande,,1951-01-16
,,Marco,,1993-11-07
,,Mohammad,,1967-12-19
,,Agustín,,1977-08-06
,,Udo,,2000-02-21
,,Jeroen,,1984-09-19
,,Suraj,,1976-10-15
,,Claudio,,2002-01-16
,,Cedric,,1969-06-17
,,Gene,,1975-08-29
,,Sarah,,2000-02-09
,,Steve,,2003-11-09
,,David,,1960-09-12
,,Lavell,,1960-09-29
,,Arthur,,1961-04-07
,,Forbes,,1990-02-28
,,Fran,,1970-01-07
,,Tony,,1964-04-28
,,Dominic,,1960-06-04
,,Yohei,,1961-05-20
,,Anshuman,,1995-03-01
,,Eric,,1980-04-06
,,Stef,,1953-05-13
,,John,,1953-07-28
,,Henry,,1993-06-19
,,Jimmy,,1951-03-18
,,Sophie,,2000-12-05
,,Paul,,1971-11-19
,,Michelle,,1957-05-08
,,Mick,,1982-06-15
,,Hannibal,,1959-04-19
,,Tom,,1968-03-10
,,Famke,,1992-03-12
,,Julie,,1955-04-22
,,Anjelah,,1970-10-14
,,Keith,,1991-10-16
,,Kip,,1991-02-21
,,Chris,,1988-03-07
,,Ralphie,,1990-12-04
,,Jacqueline,,1953-05-29
,,Damián,,1974-05-26
,,Bob,,1972-03-19
,,David,,1985-10-24
,,Chelsea,,1980-08-13
,,Wyatt,,1973-02-19
,,James,,1965-07-17
,,Todd,,1963-08-31
,,Mitt,,2000-05-28
,,Ahmed,,1957-02-09
,,Brian,,1985-09-22
,,Sky,,1962-06-01
,,Kevin,,1984-05-13
,,Ken,,2002-02-03
,,Daniel,,1987-05-08
,,Judith,,1984-01-07
,,Pam,,1968-01-09
,,Nancy,,1988-01-01
,,Ricky,,1989-09-08
,,Mario,,1965-05-16
,,Jill,,1999-03-11
,,William,,1958-08-16
,,Corey,,1993-06-09
,,Anders,,2000-11-23
,,Barbara,,1996-05-11
,,Elijah,,1965-12-25
,,Jim,,1978-06-03
,,Divya,,1990-11-03
,,Rajneesh,,1984-02-20
,,Sadiq,,1978-06-18
,,Adil,,1950-10-10
,,Jake,,1978-06-22
,,Jóhannes,,1960-02-28
,,Ayça,,1959-01-20
,,Lexi,,1992-12-30
,,Billy,,1994-03-15
,,Steven,,1980-04-03
,,Sam,,1990-08-01
,,PJ,,2003-11-05
,,Mark,,1992-01-01
,,Neville,,1951-11-26
,,Nicole,,1965-07-31
,,Hayley,,1976-07-09
,,Darlene,,1964-06-20
,,Katee,,1953-11-03
,,Annette,,1979-07-29
,,Miles,,1977-06-12
,,Paul,,1972-03-05
,,Diego,,1988-04-19
,,Janis,,1970-04-15
,,Taher,,1987-02-18
,,Krzysztof,,1992-01-23
,,Jake,,1955-08-07
,,Evan,,1955-03-17
,,Herjunot,,1984-01-29
,,Jamie,,1993-06-20
,,Prashantt,,1958-04-25
,,Matthew,,1965-07-29
,,Mahira,,2003-12-28
,,Mila,,1982-06-01
,,Dhruva,,1955-04-26
,,Christopher,,1978-12-09
,,Dirk,,1968-05-18
,,Malcolm,,1959-01-11
,,Debra,,1997-10-26
,,Tom,,1996-06-29
,,Charlie,,1977-07-10
,,Laura,,2002-10-08
,,Bonnie,,1960-07-24
,,Gijs,,1960-01-08
,,Stephen,,1984-09-25
,,Liev,,1974-01-27
,,Katie,,1973-11-26
,,Johnny,,1964-06-10
,,Leila,,1980-11-21
,,Michael,,1976-02-15
,,Mandy,,1956-04-11
,,Storm,,1958-08-01
,,Debs,,1966-07-05
,,Alex,,1952-06-19
,,Mehmet,,1955-05-14
,,Sachin,,1964-05-20
,,Sanjay,,1967-07-25
,,Abir,,1992-01-20
,,Tamannaah,,2001-07-31
,,Hyun-moo,,1981-06-30
,,Isabella,,1999-04-19
,,Eugenia,,1994-01-03
,,Patricio,,1956-11-30
,,Sarah,,2001-02-13
,,Evan,,1997-01-07
,,Keo,,1998-01-04
,,Haluk,,1982-06-03
,,Cole,,1975-03-30
,,Antoine,,1973-11-25
,,Ravi,,1962-02-16
,,Ezra,,1965-06-26
,,Eli,,1973-01-16
,,Ruth,,1961-10-06
,,Ai,,1984-10-29
,,Palash,,1991-09-26
,,Daniel,,1951-09-25
,,Alejandro,,1970-05-18
,,Ellen,,1998-03-21
,,J.,,1951-10-07
,,William,,1988-05-12
,,Dom,,1967-06-03
,,Claire,,1955-11-08
,,Ashley,,1969-08-19
,,Anson,,1989-08-06
,,Milo,,1962-11-25
,,Emma,,1988-10-17
,,Ben,,1974-04-20
,,Javicia,,1958-10-27
,,Rez,,1995-08-18
,,Ghadah,,1961-06-15
,,William,,2003-05-27
,,Dylan,,1993-11-23
,,Dave,,1965-12-28
,,Blair,,1959-04-28
,,Donald,,1973-05-12
,,Hayden,,1996-06-01
,,Sasha,,1983-05-05
,,Ted,,1955-06-07
,,Jerry,,1980-07-08
,,Amy,,1995-09-01
,,Erica,,1958-07-21
,,Philip,,1980-07-28
,,Thomas,,1958-06-25
,,Eyad,,1989-12-20
,,Mohamed,,1967-03-18
,,Swara,,1998-03-17
,,Oona,,1954-08-14
,,Sam,,1959-02-04
,,Jennifer,,1965-10-15
,,Amrit,,1970-04-09
,,Daniela,,1988-05-27
,,Randy,,1963-01-16
,,Siddharth,,1964-05-10
,,Zachary,,1964-05-19
,,Warren,,1986-06-15
,,Angela,,1958-09-26
,,John,,1998-04-14
,,Ahmed,,1960-11-07
,,Surya,,1959-04-24
,,Perdita,,1957-06-17
,,Joel,,1950-12-14
,,Jung-min,,1967-06-05
,,Parker,,1962-05-11
,,Stefanie,,1995-03-23
,,Chantavit,,1989-06-10
,,Harold,,1958-10-29
,,Belén,,1996-02-03
,,Roy,,1960-01-17
,,Shadab,,1959-06-09
,,Çetin,,2003-10-04
,,Ingrid,,1963-10-25
,,Missy,,1968-04-15
,,Black,,1961-04-26
,,Jack,,1974-11-28
,,Jonathan,,1982-07-25
,,Kevin,,1981-12-31
,,Maurice,,1993-08-11
,,Osman,,1997-02-28
,,Hande,,2001-08-23
,,Zoe,,1993-12-10
,,Kyle,,2002-02-06
,,Puri,,1987-09-19
,,Chalad,,1977-05-15
,,Theeradej,,2003-03-06
,,Johan,,1969-01-01
,,Kelly,,1969-05-17
,,Diana,,1969-02-11
,,Twinkle,,1981-04-22
,,Steve,,1999-03-31
,,Rajesh,,1957-08-23
,,Farooq,,1978-01-06
,,Andy,,1999-08-22
,,Matthew,,1985-06-02
,,Rowan,,1959-12-16
,,Mike,,1956-11-23
,,Todrick,,1987-02-23
,,Tony,,1990-04-21
,,Erika,,1955-11-28
,,Mira,,1957-01-18
,,Nick,,1989-01-09
,,Ron,,1958-10-05
,,William,,1969-04-30
,,Kunal,,2000-08-08
,,Ishaan,,1954-08-06
,,Raghuvir,,1960-03-25
,,Joey,,1953-03-02
,,Frankie,,1995-09-27
,,Christoph,,2003-10-27
,,Bjarke,,1954-10-10
,,Ricky,,1959-03-06
,,Nick,,1961-01-14
,,Billy,,1976-12-16
,,Joy,,1953-02-28
,,Nina,,1964-04-24
,,Toni,,1961-05-28
,,Jason,,1957-04-11
,,Kate,,1979-05-20
,,María,,1972-04-01
,,Dawnisha,,1985-09-28
,,Josh,,1981-07-31
,,Cam,,1987-12-27
,,Ricardo,,1970-12-28
,,Benjamin,,1983-08-06
,,Ryan,,1975-06-16
,,Syrus,,1982-08-24
,,Léa,,1953-01-28
,,Cate,,1965-03-26
,,Alan,,1992-05-24
,,Ryan,,2002-07-23
,,Robert,,2002-01-26
,,Cole,,2000-09-02
,,Bobbi,,1951-08-19
,,Bobby,,1964-09-07
,,Hedy,,1983-05-09
,,Jandino,,1957-01-15
,,Warren,,1954-09-08
,,Casting,,1988-03-29
,,Vinícius,,1959-11-22
,,Wendy,,1991-02-05
,,Alex,,1988-08-09
,,Logan,,1970-01-17
,,Linor,,1972-07-15
,,Tony,,1976-10-12
,,Sridhar,,1989-08-19
,,Samson,,1977-11-08
,,Cristine,,1989-11-21
,,Jonny,,1995-10-07
,,Yoshua,,1969-03-18
,,Mike,,2000-01-14
,,Elizabeth,,1996-07-14
,,Guillaume,,1966-05-09
,,Gage,,1976-02-09
,,Chicco,,1980-12-11
,,Muriel,,1966-08-03
,,Aamina,,1963-07-26
,,Akanksha,,2001-03-30
,,Sara,,1964-08-23
,,John,,1966-05-13
,,Connor,,1995-10-07
,,Jennifer,,1997-01-21
,,Virginia,,1967-10-16
,,Dharmajan,,1953-12-13
,,John,,1976-01-29
,,Sissy,,1965-03-27
,,Lou,,1979-10-18
,,Wong,,1966-02-22
