emailAddress,password
patrizia6210@xxxx.xxx,PV80
sbm0571@xxxx.xxx,PJ59
warnazzz@xxxx.xxx,PB89
maestre1977@xxxx.xxx,QN77
ptitfreds@xxxx.xxx,ZO70
barroskin@xxxx.xxx,HY77
jean.luc.dupond1964@xxxx.xxx,WJ19
francescovalentini@xxxx.xxx,DZ58
silvermist_cai87@xxxx.xxx,EV36
saad-3030@xxxx.xxx,YA13
rychlun82@xxxx.xxx,IL32
danteredman@xxxx.xxx,MK57
marathon_6@xxxx.xxx,WG36
plff75@xxxx.xxx,VM18
strabimba@xxxx.xxx,MW57
jeanmihuet@xxxx.xxx,LD33
a_cynthiascott5@xxxx.xxx,CZ84
fedydb81@xxxx.xxx,MG67
www.angel_406@xxxx.xxx,PG72
dirtymeeeee@xxxx.xxx,JF32
pokpok_51@xxxx.xxx,GP43
stefyby96@xxxx.xxx,JB46
e.cernera@xxxx.xxx,HX95
pes6liga@xxxx.xxx,UA24
fran@xxxx.xxx,OQ81
ayoube_1515@xxxx.xxx,XH22
sev_da_18@xxxx.xxx,SB33
fraffy412@xxxx.xxx,QB14
clubiste_2010@xxxx.xxx,YZ26
yutaka_todo@xxxx.xxx,DO81
lauraghiani82@xxxx.xxx,VC15
tchicken45@xxxx.xxx,DJ92
mthim@xxxx.xxx,GT36
fmimmorossi@xxxx.xxx,KS44
jorgebeja@xxxx.xxx,BF61
haydigel81@xxxx.xxx,TT54
dguigui@xxxx.xxx,YC53
preetybye@xxxx.xxx,PL43
persoana_18@xxxx.xxx,IE21
caldwel.lxttabloid@xxxx.xxx,DJ82
suatuzzun@xxxx.xxx,NR96
marymaffy@xxxx.xxx,DK89
hichembari@xxxx.xxx,WX96
snake1045@xxxx.xxx,TG58
borserulorena@xxxx.xxx,YS75
miss3asal@xxxx.xxx,GV29
smeykalka77@xxxx.xxx,CG25
juan-antonio1956@xxxx.xxx,XY46
abcd74@xxxx.xxx,JT98
em_pall@xxxx.xxx,RS94
magdaiagl@xxxx.xxx,DP49
marcodelre3@xxxx.xxx,NR56
transat-91@xxxx.xxx,VO21
micke.wartin@xxxx.xxx,WF45
francesca.pagnotta@xxxx.xxx,VS16
www.elidukkia@xxxx.xxx,LS68
duprataurelie@xxxx.xxx,JC36
pedro22287_10@xxxx.xxx,RC68
selvi1972@xxxx.xxx,FS23
justyna_tartanus@xxxx.xxx,JC92
fatima84500@xxxx.xxx,GE59
hubertthomas20032003@xxxx.xxx,HK54
miss146@xxxx.xxx,AJ10
bbbernard@xxxx.xxx,MA46
faught@xxxx.xxx,TU84
georgediakozis@xxxx.xxx,PY88
m.sieminska@xxxx.xxx,TH61
tidia18@xxxx.xxx,HF46
sexy_marian19@xxxx.xxx,QB11
kouame.juliette01@xxxx.xxx,JT52
princeznaaja@xxxx.xxx,QF70
raccontamidite@xxxx.xxx,HE42
i_talia@xxxx.xxx,LZ59
vdiana888@xxxx.xxx,SD24
barunkafurisova@xxxx.xxx,AF57
michelle_ferrari.3@xxxx.xxx,CV82
elmaracucho_60@xxxx.xxx,UQ27
tatjana.mallon@xxxx.xxx,VP71
fau30tsm@xxxx.xxx,DP53
r.fratto@xxxx.xxx,XA83
valterluz81@xxxx.xxx,YU80
agent-s@xxxx.xxx,UX87
goreluna@xxxx.xxx,NV93
mininindecente@xxxx.xxx,XL59
sandross@xxxx.xxx,QK92
norbert.petit@xxxx.xxx,UM65
gtv_w7o@xxxx.xxx,QQ47
gokhan2091@xxxx.xxx,HE41
gianlucamanzione@xxxx.xxx,JG90
marjo.martikainen@xxxx.xxx,MG26
carina58@xxxx.xxx,FG93
lecheycacao@xxxx.xxx,RE45
susies123@xxxx.xxx,UG12
marek_krawczyk_1981@xxxx.xxx,KG53
iloveimo@xxxx.xxx,NJ88
luna_4424@xxxx.xxx,IR51
toulite2405@xxxx.xxx,WH22
x-lady-kurdish-x@xxxx.xxx,NE29
malanada@xxxx.xxx,WE68
ilirjanapajaziti@xxxx.xxx,YY82
ghio1@xxxx.xxx,QU20
csommella@xxxx.xxx,RZ72
javierni_1@xxxx.xxx,HR99
angel_of_sky@xxxx.xxx,WG83
sniper.dogs@xxxx.xxx,AP96
akrep973@xxxx.xxx,LF52
uur_315@xxxx.xxx,RO58
luca_fit@xxxx.xxx,KS70
modesulake@xxxx.xxx,XC96
thierry-chevalier2@xxxx.xxx,ZQ67
ism2008_otm@xxxx.xxx,YE85
ericka-0524@xxxx.xxx,ZI97
instituones@xxxx.xxx,IH51
392737692@xxxx.xxx,CZ58
wissou1994@xxxx.xxx,DI37
donatella@xxxx.xxx,MV87
100001587053688@xxxx.xxx,CI12
masterjosephcy01@xxxx.xxx,LV45
mag_demarcq@xxxx.xxx,KT87
jmgp444@xxxx.xxx,BQ99
sevda_77@xxxx.xxx,RA33
fredsmith00757@xxxx.xxx,OI63
djsaso93@xxxx.xxx,ZL78
sabine116@xxxx.xxx,MC65
reham_dreamlove@xxxx.xxx,KS78
paqui153@xxxx.xxx,RX93
maireadtreacy@xxxx.xxx,OV26
analyst_eo@xxxx.xxx,HY88
macchia7@xxxx.xxx,RV57
lollo_79@xxxx.xxx,JT38
iosif-i@xxxx.xxx,PY75
kasia-s9@xxxx.xxx,QX67
christianstnazaire@xxxx.xxx,GF85
gi.nessuno@xxxx.xxx,VJ49
ahmad.sh2012@xxxx.xxx,AU14
abderraouf_2008@xxxx.xxx,DQ24
bognargyula@xxxx.xxx,US75
darrenlee1973@xxxx.xxx,ZW22
szepjoreggelt@xxxx.xxx,IE56
dallomallo@xxxx.xxx,DW12
rok209@xxxx.xxx,KL47
annieetdomi@xxxx.xxx,IX47
benyo_22@xxxx.xxx,KR28
rustamhutagalung@xxxx.xxx,YN22
e_harmeijer@xxxx.xxx,OO50
verstraete_tom@xxxx.xxx,AT64
nando_forzanapoli_91@xxxx.xxx,UC21
alberto1422@xxxx.xxx,VN63
saymok_2516@xxxx.xxx,FH50
francisco253@xxxx.xxx,SR95
fran8_212@xxxx.xxx,TY34
munevver.pekdemir@xxxx.xxx,EP12
cosmin_damy@xxxx.xxx,JI47
estradagianna@xxxx.xxx,OD52
enelram554@xxxx.xxx,UV53
peppebarons@xxxx.xxx,QU20
labrena@xxxx.xxx,BO44
bigdilroger@xxxx.xxx,PH12
j.eweg@xxxx.xxx,NI60
sary.21@xxxx.xxx,XV49
valmoncho@xxxx.xxx,CD28
rach.elwilson40@xxxx.xxx,PF60
sosyamin@xxxx.xxx,WV59
nascut_nicaieri@xxxx.xxx,PY13
sarahchaney@xxxx.xxx,RK35
lola72@xxxx.xxx,RF69
sweet-devil-steffix3@xxxx.xxx,MO22
www.outsizeone@xxxx.xxx,CQ70
venczelj1952@xxxx.xxx,YH73
pierrepanchout@xxxx.xxx,ZI18
spesrl2007@xxxx.xxx,WI42
tanklaura@xxxx.xxx,GC74
damago1974@xxxx.xxx,DW56
sevcan1983@xxxx.xxx,FM36
etna88888@xxxx.xxx,JK76
ogarnaoui@xxxx.xxx,BV47
100000840302295@xxxx.xxx,CT49
zin990@xxxx.xxx,RK52
gianluca.sibilla@xxxx.xxx,AJ37
blacknights_666@xxxx.xxx,SB74
100001929925310@xxxx.xxx,UN32
leo--95@xxxx.xxx,CJ25
carbonell007@xxxx.xxx,IS26
jacopod1985@xxxx.xxx,EB94
fadayomitoyosi@xxxx.xxx,QK22
adolfoflowers@xxxx.xxx,ZS15
buse_nur_28@xxxx.xxx,MA50
gattonero1969@xxxx.xxx,VM90
fright6@xxxx.xxx,BZ72
giovannanaselli@xxxx.xxx,ZI47
james.mestdagm@xxxx.xxx,GX22
oksana4499@xxxx.xxx,TY11
soniapenn.s@xxxx.xxx,YB33
mlle-saam@xxxx.xxx,CR81
alta-miro@xxxx.xxx,ZX19
przemus06@xxxx.xxx,LN17
klar_i_us@xxxx.xxx,WX12
teresa.costante@xxxx.xxx,NG73
younoussadiagne@xxxx.xxx,MS38
lbonfitto@xxxx.xxx,TD14
rosariocampos_78@xxxx.xxx,BA35
kapitalizm26804@xxxx.xxx,GX91
carletto_zampa@xxxx.xxx,IQ85
benamoramin@xxxx.xxx,TT89
mariagmzprz1@xxxx.xxx,XF79
100000017803327@xxxx.xxx,QP27
fiore.matiz@xxxx.xxx,OJ38
biindaies@xxxx.xxx,YD76
lo.die200@xxxx.xxx,DJ43
luisao7@xxxx.xxx,NZ56
coolist1979@xxxx.xxx,JW26
astridlefrancdelmas@xxxx.xxx,AP61
laus134@xxxx.xxx,FP12
momocom@xxxx.xxx,RC57
ioro17@xxxx.xxx,LO68
francescolascar@xxxx.xxx,QO59
aines_martinho@xxxx.xxx,RD88
aank_@xxxx.xxx,RK27
cristian_1989_@xxxx.xxx,LE34
wagner_cerquilho@xxxx.xxx,LE16
nio311078@xxxx.xxx,SY17
mazhaz@xxxx.xxx,IU72
he-art2009@xxxx.xxx,PM71
klody-roy@xxxx.xxx,EK50
yvanfabbiani@xxxx.xxx,CK59
doriane842010@xxxx.xxx,YZ70
ele_1998@xxxx.xxx,KM92
hardikmore1993@xxxx.xxx,MI89
deavi4000@xxxx.xxx,JV49
o0_render_0o@xxxx.xxx,XI21
lezmoo@xxxx.xxx,DM67
ronde88@xxxx.xxx,XT83
kieikekek@xxxx.xxx,HQ91
nilay.gocmen@xxxx.xxx,XX57
fmodo@xxxx.xxx,IJ24
blessaccadamy@xxxx.xxx,IH77
halcia10@xxxx.xxx,PC43
matt_76@xxxx.xxx,SM65
genevieve13@xxxx.xxx,PQ41
tomlecoq@xxxx.xxx,GW89
ben_julie@xxxx.xxx,IO58
jana_lill@xxxx.xxx,OU54
tu_lokylla_95@xxxx.xxx,DY72
ainhoaxxii@xxxx.xxx,KM96
eco-06@xxxx.xxx,KZ13
virgi2222@xxxx.xxx,CP39
maputosang@xxxx.xxx,NI46
bru85@xxxx.xxx,LY93
jhuli-reyes@xxxx.xxx,JG98
nicky92@xxxx.xxx,LW82
alanwakefield1@xxxx.xxx,KC69
agnese.pettinicchio@xxxx.xxx,GN17
stefandoj@xxxx.xxx,FJ79
chatiqui@xxxx.xxx,IX71
carla78@xxxx.xxx,DN88
marlenejadaud_160@xxxx.xxx,YL42
zpolaskova@xxxx.xxx,JY28
morina@xxxx.xxx,GK92
stefi_k_07@xxxx.xxx,XC46
elnaiero@xxxx.xxx,CN12
missrainette@xxxx.xxx,AY65
piotrwa@xxxx.xxx,QM48
sawsaw9simo@xxxx.xxx,OG74
tyte-july06@xxxx.xxx,CM61
cristina_catrinel@xxxx.xxx,QL15
christian.dragone@xxxx.xxx,DG40
the__kani@xxxx.xxx,XG99
www.bubu89@xxxx.xxx,ES82
motorola_1963@xxxx.xxx,ZY93
kristinjochum92@xxxx.xxx,RP46
mario80@xxxx.xxx,TP89
olga.rnjakovic@xxxx.xxx,DW22
hishamtig-1983@xxxx.xxx,LW47
kio_13_hemp@xxxx.xxx,OJ72
100001691543529@xxxx.xxx,MQ64
dj_oxsi_sonnefes@xxxx.xxx,VU72
olunya_@xxxx.xxx,II44
admaiora77@xxxx.xxx,MF78
nassssss@xxxx.xxx,PZ61
sanshunmomo@xxxx.xxx,DA30
lemien54@xxxx.xxx,CG23
xxgemini91@xxxx.xxx,HZ68
pprost@xxxx.xxx,AF86
razvanicaxxlq@xxxx.xxx,MF11
psziroot@xxxx.xxx,KR89
brysebastien@xxxx.xxx,TV76
camerun2000@xxxx.xxx,RZ61
fdincer1979@xxxx.xxx,EH46
rvmb33@xxxx.xxx,MX48
berrinzor@xxxx.xxx,HQ97
johanroesems@xxxx.xxx,YA73
bustercourt@xxxx.xxx,LQ97
ferhat-er@xxxx.xxx,LS38
z1nz1n0@xxxx.xxx,TY43
kwbialy@xxxx.xxx,UU22
sami_07_1985@xxxx.xxx,PH75
golfaren81@xxxx.xxx,UB81
delphine1945@xxxx.xxx,LC22
maniolo93@xxxx.xxx,DM26
gsamssa@xxxx.xxx,PF88
anne.thallinger@xxxx.xxx,AS63
vodnar73@xxxx.xxx,CV21
samanthaadrpyv@xxxx.xxx,MD93
evecherryy@xxxx.xxx,VW39
frillymago@xxxx.xxx,JQ57
khatibo88@xxxx.xxx,IX52
mario_ho18@xxxx.xxx,GP34
stilclass@xxxx.xxx,GQ40
joel.vilhena@xxxx.xxx,LS24
rhian.causer28@xxxx.xxx,PA83
y.akouehou@xxxx.xxx,ZZ24
giusy6784@xxxx.xxx,RV59
haron20@xxxx.xxx,NA19
heart-hs@xxxx.xxx,FG58
bmw_030@xxxx.xxx,CS60
danyruvo1@xxxx.xxx,XX12
gianniriviere@xxxx.xxx,RQ23
w.takasaki@xxxx.xxx,CV34
thetwineone@xxxx.xxx,UW67
87simona@xxxx.xxx,QE48
andrea94ca@xxxx.xxx,KS74
engincantopalfb01@xxxx.xxx,PE16
kosmyn_vl@xxxx.xxx,SR11
mehmetbozok1969@xxxx.xxx,FA99
emintureci@xxxx.xxx,XH52
rafek79@xxxx.xxx,GC48
kekkogallo89@xxxx.xxx,QF95
magda_gruber@xxxx.xxx,JP41
kanunsuzoflu@xxxx.xxx,XA19
ankitdogra52@xxxx.xxx,VP31
maksimus30@xxxx.xxx,UE81
dipalma.angela@xxxx.xxx,UI89
hamidlaghouat@xxxx.xxx,BV46
alex.na88@xxxx.xxx,TX44
eldanielo73@xxxx.xxx,EA90
hangon4real@xxxx.xxx,TA52
rex_thedog@xxxx.xxx,VQ53
chevime2@xxxx.xxx,AR27
pavel.herold@xxxx.xxx,AF95
jogonmo32@xxxx.xxx,AU13
marilotr@xxxx.xxx,MO53
d.difalco@xxxx.xxx,LC50
collectif.valette@xxxx.xxx,IN69
serrammana@xxxx.xxx,IZ56
messina.annie@xxxx.xxx,SP24
kkinnut@xxxx.xxx,NX57
fantacre@xxxx.xxx,YP38
borel.dominique@xxxx.xxx,OB69
pirati_i_zemrave_fr@xxxx.xxx,ZX90
275769213@xxxx.xxx,OV40
chaibdj@xxxx.xxx,RJ33
la_petite_fee_qui_fait_pouic_pouic@xxxx.xxx,RI84
slon73220@xxxx.xxx,EL98
kokeamil@xxxx.xxx,ST21
misaac33@xxxx.xxx,NH12
its2late2apologize@xxxx.xxx,AQ18
chekhioulm@xxxx.xxx,ET58
joaosanches16@xxxx.xxx,FK55
melemiry@xxxx.xxx,FT59
furkan_06_karakas@xxxx.xxx,YO60
madeinspain2011@xxxx.xxx,IV11
mlqe_774@xxxx.xxx,YU83
cass0uu@xxxx.xxx,LE24
protokollodikioto@xxxx.xxx,WB58
tijana944@xxxx.xxx,KO66
helened1012@xxxx.xxx,GA55
ivs1958@xxxx.xxx,NW78
aquarelablue@xxxx.xxx,QQ91
elodiet@xxxx.xxx,FI63
joysitbon@xxxx.xxx,NM10
siugrogg@xxxx.xxx,TG95
chenjane89@xxxx.xxx,BL28
knuffeltiger@xxxx.xxx,ZR36
mai22170@xxxx.xxx,WR87
sunshines11@xxxx.xxx,PH37
diabolikamelis@xxxx.xxx,CK62
ahhmishu@xxxx.xxx,GH41
stricht_coco@xxxx.xxx,LA18
sara_fermandez@xxxx.xxx,LI34
dior-channel02@xxxx.xxx,AV39
odisea896@xxxx.xxx,RZ90
yeo.yacou@xxxx.xxx,UZ53
sergiocanojimenez2010@xxxx.xxx,AC58
rabiya_mustafa@xxxx.xxx,SE45
pantheonrules@xxxx.xxx,SF92
verbe449@xxxx.xxx,YD99
zazzi83@xxxx.xxx,NM73
bakuyildizi@xxxx.xxx,IB59
vanesnegra@xxxx.xxx,ZW77
carlo1451@xxxx.xxx,ZO20
vamosloco2346@xxxx.xxx,MC81
afrodity_92@xxxx.xxx,CG88
edgarkhursh@xxxx.xxx,KF62
darrenglover58@xxxx.xxx,JQ49
vodkaconlima4@xxxx.xxx,AF47
seleruste@xxxx.xxx,FY17
max1976@xxxx.xxx,DM65
lamihmutlu@xxxx.xxx,KY69
loic_walker@xxxx.xxx,PC60
olga34912@xxxx.xxx,LC32
cristian.uccio@xxxx.xxx,NE62
floresrossi@xxxx.xxx,YZ85
vera6@xxxx.xxx,AG90
denizli_prens11@xxxx.xxx,ZA43
anj_angel@xxxx.xxx,DD12
migani.emanuele@xxxx.xxx,BR66
pacuraru.daniel@xxxx.xxx,DI33
patoune.08@xxxx.xxx,EX60
albesha@xxxx.xxx,HP87
abele80@xxxx.xxx,AC52
diavolettabimba@xxxx.xxx,MM60
irvinehlk@xxxx.xxx,AU19
marcello.minelli@xxxx.xxx,LX98
debito26@xxxx.xxx,QF35
mate.aczel@xxxx.xxx,WB23
gloriahdezmartin@xxxx.xxx,VP19
shy.love@xxxx.xxx,QQ43
hakan_19_1984@xxxx.xxx,GN67
virgymusyoka@xxxx.xxx,TZ14
ma_ji_da@xxxx.xxx,TH35
maricielo_1_85@xxxx.xxx,EJ12
valchiriabionda@xxxx.xxx,ND51
marketa.moravkova@xxxx.xxx,QW55
giorgia@xxxx.xxx,UZ85
francisco.casetas@xxxx.xxx,CN47
smilkova.kat@xxxx.xxx,XA47
preguntalealgato@xxxx.xxx,UY73
fadeli07@xxxx.xxx,IN39
joybillions@xxxx.xxx,QS61
akiles_1984@xxxx.xxx,PG41
cristinit23@xxxx.xxx,YG80
mehmetakgun02@xxxx.xxx,GC55
laroucolouco@xxxx.xxx,YT48
peta831@xxxx.xxx,UI36
antoniop777@xxxx.xxx,TZ46
ecemmodaevi-izmir@xxxx.xxx,PT10
mstevo_bn@xxxx.xxx,TB47
gunhan_ceylan@xxxx.xxx,SR81
marie-laure.larouche@xxxx.xxx,HG35
goku_3000@xxxx.xxx,TE48
mickeylovesasha@xxxx.xxx,ZV66
originalthiakry@xxxx.xxx,VH59
0665516387@xxxx.xxx,GI79
adrianek.torun24@xxxx.xxx,ZA11
paulahuesca_93@xxxx.xxx,EO79
paulpal104@xxxx.xxx,PL31
phoenix67@xxxx.xxx,SM14
akira.nagao@xxxx.xxx,NH33
gianlilly@xxxx.xxx,AW35
albertoamor80@xxxx.xxx,SX16
kubatpave@xxxx.xxx,LF36
radughetea77@xxxx.xxx,NP29
delphoune69@xxxx.xxx,VO28
danielkorotko@xxxx.xxx,ES44
marie14781@xxxx.xxx,HM75
rockmanx8154@xxxx.xxx,IC35
sabrina@xxxx.xxx,PP50
rcyrille@xxxx.xxx,BH34
greg.93@xxxx.xxx,AC90
seuzaret.florian@xxxx.xxx,FJ91
arakala@xxxx.xxx,CR91
aleksandramarczak@xxxx.xxx,QS65
partenaire69@xxxx.xxx,JF39
gangstabogoss@xxxx.xxx,YJ83
guney-_-86@xxxx.xxx,PF96
ketty85_kr@xxxx.xxx,WI61
furdik@xxxx.xxx,WA11
albiya_11_08_91@xxxx.xxx,PQ68
demiwall1@xxxx.xxx,EL44
atahan-ata@xxxx.xxx,ES48
abassahmed@xxxx.xxx,DZ57
n_soltani@xxxx.xxx,US46
mok2mok2@xxxx.xxx,TY33
silvica_@xxxx.xxx,QX88
saimkaraman3889@xxxx.xxx,OQ33
kandersonzoso@xxxx.xxx,KJ86
bomber.straleso@xxxx.xxx,OE40
kana_k_72@xxxx.xxx,WF75
x-clochette-m-x@xxxx.xxx,VQ94
anis_mathlouthi@xxxx.xxx,AK73
se2dik-b2oba@xxxx.xxx,PA85
elisa-tesolin@xxxx.xxx,QH85
marie122@xxxx.xxx,DJ90
bucansanakurban41@xxxx.xxx,WC14
gielightsales11@xxxx.xxx,RH37
josecheverry@xxxx.xxx,RM24
moopang_math@xxxx.xxx,SQ55
aqaqszdd@xxxx.xxx,VR43
ptitsylvain@xxxx.xxx,LV29
www.todorinos@xxxx.xxx,ZD68
elisavidal83@xxxx.xxx,ML95
poseydon90@xxxx.xxx,UR86
flavie7@xxxx.xxx,LF26
hamad100976@xxxx.xxx,NX29
simone-ct-46@xxxx.xxx,EG11
esrgokcen@xxxx.xxx,VC94
trio_brasil@xxxx.xxx,TB90
cannu_becks@xxxx.xxx,MN37
valentina_atzeri@xxxx.xxx,ZH82
j-maestro@xxxx.xxx,GL42
leveli.andrea@xxxx.xxx,VI23
tutkan36@xxxx.xxx,GX71
julienburnel@xxxx.xxx,UA54
gokusakura@xxxx.xxx,IS75
bebechocoetaziz@xxxx.xxx,LQ29
dadoulyon5@xxxx.xxx,UN12
kalaytza@xxxx.xxx,PB59
dario1973@xxxx.xxx,ZS36
nadelssa@xxxx.xxx,HQ31
essiekey@xxxx.xxx,KU84
zu_kabra_loka@xxxx.xxx,HN17
cracotte69@xxxx.xxx,IK55
booy_style@xxxx.xxx,VY17
kerimred@xxxx.xxx,YH13
tora_35@xxxx.xxx,YJ43
saradirienzo@xxxx.xxx,YH41
tokusfatma@xxxx.xxx,YS62
evrard_a@xxxx.xxx,IR10
vanessa.maucher@xxxx.xxx,QG95
emilianamaio1991@xxxx.xxx,SB16
g.ozzi@xxxx.xxx,WU41
cris.t.3000@xxxx.xxx,UZ80
thaliaconh@xxxx.xxx,AD41
jeer-90@xxxx.xxx,JU40
ricciolina_m@xxxx.xxx,OE81
zallo11@xxxx.xxx,WU56
kleinehexe88@xxxx.xxx,VG69
netta-82@xxxx.xxx,KU72
wen_rollito89@xxxx.xxx,IJ95
ssffss.20008@xxxx.xxx,JC19
nenadt@xxxx.xxx,UV56
vince38@xxxx.xxx,DY13
melanieanne@xxxx.xxx,OH44
lahouze@xxxx.xxx,QE44
upyoursjames@xxxx.xxx,IW16
lumi986@xxxx.xxx,BL16
ilijaradosavljevic@xxxx.xxx,WR33
ducati9991098@xxxx.xxx,JQ17
claudiacardoso1@xxxx.xxx,OS49
elodie.et.lespuces@xxxx.xxx,OP39
juliofull@xxxx.xxx,FH80
yink-tek@xxxx.xxx,DH13
jovana.lovcanin@xxxx.xxx,QN82
jamy21@xxxx.xxx,RF86
salamo3aliko@xxxx.xxx,QL62
timo_limo@xxxx.xxx,MN66
lisa-m73@xxxx.xxx,MK91
serkan-mustafa-38@xxxx.xxx,IX67
alex_som2_@xxxx.xxx,TY33
kenshin9@xxxx.xxx,SJ60
tigreblanc1966@xxxx.xxx,NL81
toila.201@xxxx.xxx,IZ11
katya_kor98@xxxx.xxx,ST52
holymose46440@xxxx.xxx,EW79
mickael.genetet@xxxx.xxx,ZT18
raffaella_72@xxxx.xxx,JQ23
marina20130@xxxx.xxx,YY40
jose_correo1972@xxxx.xxx,KU49
ahmedsabry90@xxxx.xxx,WH40
sania505@xxxx.xxx,IY31
gatot.sunarto@xxxx.xxx,BL43
caca82@xxxx.xxx,US34
jhonyv@xxxx.xxx,OY12
lamamiguaja@xxxx.xxx,SO71
tirabadiuk@xxxx.xxx,ST48
naiosa@xxxx.xxx,FB65
furkancelik_gs@xxxx.xxx,IJ83
chris.paca@xxxx.xxx,LX54
boaduadutwum@xxxx.xxx,TT36
manus96@xxxx.xxx,HC42
fenerlee81@xxxx.xxx,AY62
expres_ciorbea@xxxx.xxx,KA23
fath3r_rus@xxxx.xxx,OM96
flynow5@xxxx.xxx,RQ57
libertad666@xxxx.xxx,ZQ59
tek-ben38@xxxx.xxx,DS33
maraz_ali2726@xxxx.xxx,TF99
redouane_saidi92@xxxx.xxx,LB36
sweetmandarina91@xxxx.xxx,YE25
annerose.jehne@xxxx.xxx,EQ85
aonly43@xxxx.xxx,ES67
voloda777@xxxx.xxx,HH71
rosaria.borrelli@xxxx.xxx,HI23
mariposaleo777@xxxx.xxx,KP85
caramella85a@xxxx.xxx,CS68
mellahlouhi@xxxx.xxx,SK46
fabioefiorentina@xxxx.xxx,HW11
alfano.alfano@xxxx.xxx,DU40
weissetaube28@xxxx.xxx,KT16
devenutonicola@xxxx.xxx,KG16
laurent.muron@xxxx.xxx,ZA36
hypro_rido@xxxx.xxx,UQ41
sabinaosip@xxxx.xxx,YK65
dr@xxxx.xxx,WN31
carina.forsgren@xxxx.xxx,CW22
ryan_rabbi@xxxx.xxx,GA68
vinegate@xxxx.xxx,QW53
cachorro.76@xxxx.xxx,OF90
jv_floyd@xxxx.xxx,RI35
manubel@xxxx.xxx,HD19
scratch-molon@xxxx.xxx,PH29
alessio_ylenia@xxxx.xxx,QH16
mamouneptitlou@xxxx.xxx,QE21
paulberry2007@xxxx.xxx,SA38
mouainou@xxxx.xxx,UG14
milupa_1@xxxx.xxx,PB68
news@xxxx.xxx,PX14
santosubito87@xxxx.xxx,LG85
murimunda@xxxx.xxx,AT54
qwertyrz@xxxx.xxx,VG72
patrick.seignabou@xxxx.xxx,BM56
684511817@xxxx.xxx,AV10
paloma_mico@xxxx.xxx,QV10
ejaa85@xxxx.xxx,JT23
lolo.loloi@xxxx.xxx,VO90
safwat_hot@xxxx.xxx,YX66
beppeveronese@xxxx.xxx,JJ69
mosterwanted@xxxx.xxx,EL23
ham19@xxxx.xxx,NC17
sofiagatona6960@xxxx.xxx,HN74
kartal.4535@xxxx.xxx,BC72
ikadobro@xxxx.xxx,MZ55
nica_mecaso@xxxx.xxx,KU51
magda312@xxxx.xxx,SX29
paszoudy@xxxx.xxx,IG79
agniesa@xxxx.xxx,QQ17
firas108@xxxx.xxx,VI82
michel.blanjean-van.gool@xxxx.xxx,PP85
olisnduba@xxxx.xxx,NB91
maira39@xxxx.xxx,ND72
kijnhun@xxxx.xxx,FG64
fbigeon@xxxx.xxx,SH96
karoline.bottaro@xxxx.xxx,ON23
postephanie@xxxx.xxx,ZA82
abdlkrym.2010@xxxx.xxx,PS70
ladislavalinhartova@xxxx.xxx,RF31
100002012400682@xxxx.xxx,KX20
tatijo14@xxxx.xxx,KD14
assiajazli@xxxx.xxx,FF14
mylui@xxxx.xxx,SE67
kimpalajnens@xxxx.xxx,LN59
sexpirat@xxxx.xxx,LQ10
francineth19@xxxx.xxx,MP29
mail@xxxx.xxx,ZQ49
yakamoz_eser52@xxxx.xxx,EW96
edibe_nil@xxxx.xxx,UT12
decur_34@xxxx.xxx,VL67
karun9961@xxxx.xxx,FM31
fettymomy@xxxx.xxx,XC62
pissero65@xxxx.xxx,DJ45
weerawan_pum@xxxx.xxx,HL48
j.....d.....u....d.o..w.....e.n@xxxx.xxx,NH83
veronique.bernard@xxxx.xxx,UT83
roman.dolezi@xxxx.xxx,UB54
christine.femia@xxxx.xxx,PW79
car-lomonaco@xxxx.xxx,AR66
soso14-12@xxxx.xxx,MZ88
alonsos3@xxxx.xxx,KM41
laluzroja@xxxx.xxx,MO17
cemeika@xxxx.xxx,UD51
pourblack94@xxxx.xxx,AB35
m.gizynska89@xxxx.xxx,CA55
elimora-18@xxxx.xxx,RT73
bouldu21@xxxx.xxx,IH67
litvinova_vs@xxxx.xxx,JD22
vera.trifunovic@xxxx.xxx,CD51
kon_rawa@xxxx.xxx,QU48
mabiodourai@xxxx.xxx,RU27
laborie.fabrice@xxxx.xxx,TG97
radrid@xxxx.xxx,VM47
dirk.verhegge@xxxx.xxx,BD95
ejendomsbutikken@xxxx.xxx,VI82
channylinda2012@xxxx.xxx,QF96
karabilek_330@xxxx.xxx,SJ66
deadcow@xxxx.xxx,FU77
frie25@xxxx.xxx,CM84
pugilelatitante@xxxx.xxx,MI92
lhoucine_abonaceur@xxxx.xxx,ND56
david_chulo_23@xxxx.xxx,UA18
true_cristian@xxxx.xxx,ES67
superpolakes@xxxx.xxx,PK73
naiara_s88@xxxx.xxx,KR75
michel.beaulieu13@xxxx.xxx,GD33
jbatus@xxxx.xxx,SA61
free__child@xxxx.xxx,HN49
mariacortespujol@xxxx.xxx,OS31
specialbusiness@xxxx.xxx,QF58
de_witte21@xxxx.xxx,NV19
alexxxandra4ever@xxxx.xxx,BA17
zbynek.ryc@xxxx.xxx,VY23
t3kero@xxxx.xxx,EN45
kekkina__89@xxxx.xxx,LH64
afriyieosei09@xxxx.xxx,FY33
tikirosa40@xxxx.xxx,PW85
meleyi95@xxxx.xxx,TC10
lauraviola82@xxxx.xxx,OI51
kader_saha_1983@xxxx.xxx,BI75
s.michalczyk@xxxx.xxx,SV10
sexetkedusex@xxxx.xxx,BV62
principessa.f1987@xxxx.xxx,OE63
1494206281@xxxx.xxx,NI98
silviconalas@xxxx.xxx,RR25
axaaxa4s3@xxxx.xxx,RH29
hodgespugnac.iouslfa@xxxx.xxx,ZS47
xcoodyx@xxxx.xxx,CN93
souckova.advokatka@xxxx.xxx,WB21
i_resettati@xxxx.xxx,ZE66
v__niki@xxxx.xxx,JN72
miroslavamatejovicova@xxxx.xxx,EN72
barcavaldes@xxxx.xxx,NK14
azsed63@xxxx.xxx,XS33
susan.johansson@xxxx.xxx,YO90
gandja_sa@xxxx.xxx,QD83
sabrinaveau2@xxxx.xxx,CC96
elianaluciano@xxxx.xxx,WX27
sahin1905@xxxx.xxx,UY32
boy_de@xxxx.xxx,NJ91
ainhoita17@xxxx.xxx,SX12
simo_wazza@xxxx.xxx,NC41
mdm89@xxxx.xxx,NN31
peppeutoku@xxxx.xxx,MC45
didacprim@xxxx.xxx,LK73
sassas55@xxxx.xxx,ZM13
bwm2256@xxxx.xxx,CM35
fb@xxxx.xxx,SC56
degenerada_coneja666@xxxx.xxx,YO82
ponseti2008@xxxx.xxx,ZP66
patrick.tison@xxxx.xxx,YH12
garo-lm@xxxx.xxx,PW65
charline06200@xxxx.xxx,DP76
nicovuichard@xxxx.xxx,GG78
utente24@xxxx.xxx,JQ94
gogomari@xxxx.xxx,XV51
ilker-1905-ilker@xxxx.xxx,AI41
g3raldin3@xxxx.xxx,YW68
acascione@xxxx.xxx,TQ59
avgust5031@xxxx.xxx,NQ36
papproland79@xxxx.xxx,SZ51
flog@xxxx.xxx,UU18
exception35@xxxx.xxx,YI80
sebnet14@xxxx.xxx,JW94
murattekin51@xxxx.xxx,CD19
wehermann@xxxx.xxx,MY62
woman_love@xxxx.xxx,AO19
alehbal@xxxx.xxx,TG72
brokenjulian@xxxx.xxx,EC18
darkeyess_91@xxxx.xxx,YH81
aivascu93@xxxx.xxx,LO14
naj.j.outa@xxxx.xxx,XM50
hyp9999@xxxx.xxx,BI36
jerzymusic21@xxxx.xxx,RU84
yagraf@xxxx.xxx,GO44
100001981782406@xxxx.xxx,QE25
100001732376465@xxxx.xxx,RW28
lucamarino@xxxx.xxx,HQ74
belma_opakic@xxxx.xxx,TA37
coyotte_13@xxxx.xxx,PG13
desiree.briotti@xxxx.xxx,FS37
junglegh@xxxx.xxx,SL86
abi0804@xxxx.xxx,UA86
mpc_geish@xxxx.xxx,RX38
dorin.js@xxxx.xxx,UP78
c.sener94@xxxx.xxx,PP16
rgn678@xxxx.xxx,UE73
kalbikilitli01@xxxx.xxx,BJ68
amorais_silva@xxxx.xxx,CT14
ddieselandd@xxxx.xxx,OL18
dashti-89@xxxx.xxx,QC43
jvie_0808@xxxx.xxx,YU68
miguelmickey17@xxxx.xxx,CM44
veronica.calcagno@xxxx.xxx,HU60
elogruson@xxxx.xxx,DF42
temiscira_cv@xxxx.xxx,BT11
sweetsweet_lemon@xxxx.xxx,ZM24
o..a..o.pa.t.rick..j..ac.k.an.a..pes@xxxx.xxx,MK66
simseek_84@xxxx.xxx,TV54
pestereva83@xxxx.xxx,LI88
goshia_b@xxxx.xxx,AI78
jenny_lokaa@xxxx.xxx,OR44
hasnislimane78@xxxx.xxx,LX84
macielraquel.s@xxxx.xxx,PF99
valentino_2005_50@xxxx.xxx,EL29
dixa90@xxxx.xxx,UP12
belkacem3400@xxxx.xxx,AW91
carlo.matassi@xxxx.xxx,RF91
dessant1@xxxx.xxx,WD81
duciddo@xxxx.xxx,RW62
le_zew@xxxx.xxx,MB68
kadiryildirim42@xxxx.xxx,IE22
ramxe77@xxxx.xxx,CZ86
emilie.loweshtein@xxxx.xxx,DY60
efsane_bacak@xxxx.xxx,ZP65
redakce@xxxx.xxx,EU48
tazmani_orn@xxxx.xxx,ZO51
0alessandrasex@xxxx.xxx,ST82
nef_ret_tayfun@xxxx.xxx,YM72
silvia_agape_22@xxxx.xxx,FD71
soyma-3302@xxxx.xxx,LU27
d.metale@xxxx.xxx,BO15
reddinaa@xxxx.xxx,LG33
brunoalexandre77@xxxx.xxx,UK75
manu-kito@xxxx.xxx,LI83
pavla.mlcuchova@xxxx.xxx,GD37
senolbarut1@xxxx.xxx,PS76
ferhatti52@xxxx.xxx,RX77
ninoporto18@xxxx.xxx,FA99
zepiez@xxxx.xxx,XV64
yaounde06@xxxx.xxx,TN11
cathaud.cathaud1@xxxx.xxx,DM83
renia.slonko@xxxx.xxx,TN45
nuy_susa@xxxx.xxx,PW71
a_lisasanchez5@xxxx.xxx,LQ89
anchasa77@xxxx.xxx,DO90
1199862041@xxxx.xxx,SR89
cyborg347@xxxx.xxx,VE15
lohengrin@xxxx.xxx,BB78
delph.maury@xxxx.xxx,TL21
toypetparkmri@xxxx.xxx,BU10
markoerzsi@xxxx.xxx,HN93
lbabysiry@xxxx.xxx,GD61
wut_rose@xxxx.xxx,MZ55
merou1968@xxxx.xxx,CT61
agolyeva@xxxx.xxx,HI64
100000928295834@xxxx.xxx,JI26
marialidiascrivano@xxxx.xxx,TV63
colombia1234@xxxx.xxx,OK22
galneszalontaipiros@xxxx.xxx,IY70
lafoulinoise@xxxx.xxx,LU87
alemci_alemciboard@xxxx.xxx,EM59
m.zapletalova@xxxx.xxx,QL94
giuseppeocchino@xxxx.xxx,BB11
marcosilva_164@xxxx.xxx,RX38
azteunbolso@xxxx.xxx,TU13
lyreihs_15@xxxx.xxx,AB41
helmutwarnke@xxxx.xxx,GK98
faissal_yassin@xxxx.xxx,KV59
faber84mi@xxxx.xxx,HZ82
1015821261@xxxx.xxx,KN94
patricia_wiklund@xxxx.xxx,JN63
fotoarteforton@xxxx.xxx,KJ50
fabio_dias_84@xxxx.xxx,RM74
principino91ct@xxxx.xxx,RH21
tomyyong@xxxx.xxx,JQ57
bitou2008@xxxx.xxx,VV18
src1974@xxxx.xxx,VT98
sylviedu59880@xxxx.xxx,UW89
aromeen@xxxx.xxx,QM27
veronique.briand@xxxx.xxx,NO82
ahmad-h-zahreddine@xxxx.xxx,HU33
alex.scoob@xxxx.xxx,SH45
cuoredidrago@xxxx.xxx,BK54
fabienne--puces@xxxx.xxx,EO37
salserinha@xxxx.xxx,PP74
nrjboy@xxxx.xxx,PV19
debbiementink@xxxx.xxx,GA10
marleen1211@xxxx.xxx,XC34
tugba_sahin_03@xxxx.xxx,IH41
811279164@xxxx.xxx,KG52
karimy@xxxx.xxx,LK25
celine.mini67@xxxx.xxx,IV79
mc_celiski@xxxx.xxx,HZ98
shadowzx4-1994@xxxx.xxx,UB24
made@xxxx.xxx,JI74
dulcepmsilva@xxxx.xxx,WI69
mary.4ever.@xxxx.xxx,ZF83
mathsim@xxxx.xxx,KW86
ildiko19941109@xxxx.xxx,JI89
transmol96@xxxx.xxx,TE98
fassirelli@xxxx.xxx,TZ82
heppner22@xxxx.xxx,JX68
fenerlifuat68@xxxx.xxx,HN21
t_a_n_o_93@xxxx.xxx,EL87
tu.y-yox100pre@xxxx.xxx,YF67
chun979@xxxx.xxx,RL38
paulaa896@xxxx.xxx,CE75
milenazareba@xxxx.xxx,ZQ28
jorisdu26@xxxx.xxx,EM55
penny_haastrup@xxxx.xxx,ZK72
linda.pussokram@xxxx.xxx,ZZ24
whinky_@xxxx.xxx,RZ38
stephania_1984@xxxx.xxx,JN21
kumarrcc77@xxxx.xxx,LF73
abdullah-calik@xxxx.xxx,CM66
ilblasco1@xxxx.xxx,SU72
olivellatwins@xxxx.xxx,YK57
ricci.renaud@xxxx.xxx,UB23
dana@xxxx.xxx,SU26
abplus7248@xxxx.xxx,WP19
olgad@xxxx.xxx,CN34
antoine.beslay@xxxx.xxx,UB42
eklundsautoservice@xxxx.xxx,NH82
gabrielegraziano@xxxx.xxx,GU56
ritseric@xxxx.xxx,NK17
pertcup@xxxx.xxx,BA25
bendup@xxxx.xxx,ZV59
sonmohikan-48@xxxx.xxx,SB62
raepaynevanmeer@xxxx.xxx,YF33
kenomajas@xxxx.xxx,MR28
maurstadst@xxxx.xxx,XS95
ablativ@xxxx.xxx,NY21
storrs@xxxx.xxx,AC61
taghromte-bigg@xxxx.xxx,UR97
laurencelinard@xxxx.xxx,ZN14
mol_molwipa@xxxx.xxx,NF74
daniice87@xxxx.xxx,MR11
gigi.lafeuille@xxxx.xxx,YA23
100000567494662@xxxx.xxx,WZ97
max.castelbou@xxxx.xxx,AC39
gerals_18@xxxx.xxx,FO59
nabousk9@xxxx.xxx,MI88
chelseairwin.2@xxxx.xxx,RF94
marcomambo75@xxxx.xxx,UE87
murielmargaritta@xxxx.xxx,XB86
ypreina@xxxx.xxx,TP65
pol62009@xxxx.xxx,MA55
gordi.noise@xxxx.xxx,UT74
shinnkj23@xxxx.xxx,YC54
viktor.kassl@xxxx.xxx,ZP37
trissystar@xxxx.xxx,DU20
marineb73@xxxx.xxx,NE92
joy_coffy@xxxx.xxx,FK61
juve4ever30@xxxx.xxx,WR30
1244018740@xxxx.xxx,NV73
astridneumann21@xxxx.xxx,YQ15
laura_fufu@xxxx.xxx,BE70
alvarorora@xxxx.xxx,EC49
adrianme.jia8@xxxx.xxx,FR93
yukselpugarnl@xxxx.xxx,KM53
alcanis@xxxx.xxx,BA97
ylzefe@xxxx.xxx,HK31
simona_catania@xxxx.xxx,LC55
ms98432@xxxx.xxx,TJ55
alena.kupkova@xxxx.xxx,LZ77
northlofunnut@xxxx.xxx,SY23
almudena774@xxxx.xxx,LX71
amirtrumic@xxxx.xxx,HB98
i-neoma10@xxxx.xxx,JA43
karlo9419@xxxx.xxx,ES53
andylukera_13_aris@xxxx.xxx,KS86
molinax12@xxxx.xxx,IW41
nestor_18@xxxx.xxx,II61
telles12@xxxx.xxx,SW58
andzongoblaisepascal@xxxx.xxx,WI68
mirko___83@xxxx.xxx,PW93
gaia_scle@xxxx.xxx,BI74
fred431966@xxxx.xxx,IM46
arantxarecuenco@xxxx.xxx,YN33
blackdiva40@xxxx.xxx,CQ47
sahrabe@xxxx.xxx,UP82
h-moussa@xxxx.xxx,BE47
jean_francois_komoe@xxxx.xxx,BY12
tami-guapa@xxxx.xxx,PP35
crazygirls_rim94@xxxx.xxx,VB59
cira_152@xxxx.xxx,RO15
mary_morenita_caramelo@xxxx.xxx,WN82
stas-tantan@xxxx.xxx,TU49
hanysek.cipisek@xxxx.xxx,II66
zeynep200002@xxxx.xxx,OV68
hoca_haso_31@xxxx.xxx,CX24
lejodoka210@xxxx.xxx,LX47
bernaville@xxxx.xxx,ZH33
chilakachichi@xxxx.xxx,MK48
merkod@xxxx.xxx,KN99
turuncu.2929@xxxx.xxx,JO96
platano25v@xxxx.xxx,RV98
raffy__1990@xxxx.xxx,JY11
axel.sioland@xxxx.xxx,RB29
tabi_10_madrid@xxxx.xxx,BW88
q80tala@xxxx.xxx,GG62
sebastien0507@xxxx.xxx,YQ45
chris.macca@xxxx.xxx,RV59
estrellapolar81@xxxx.xxx,BJ51
salim19772006@xxxx.xxx,EG77
sylwia12sz@xxxx.xxx,FU84
100001997131902@xxxx.xxx,OE67
bolormaa@xxxx.xxx,VJ41
mesratib@xxxx.xxx,YY94
lorenat80@xxxx.xxx,CC82
oueslati1505@xxxx.xxx,RG96
sylv2089@xxxx.xxx,CG37
symo95@xxxx.xxx,CF83
jorge_h@xxxx.xxx,JQ33
elcanu@xxxx.xxx,YS74
mary020@xxxx.xxx,MV38
elxico85@xxxx.xxx,ZL82
chiffa.art@xxxx.xxx,PH84
monsterchoupet@xxxx.xxx,FR32
victoralva77@xxxx.xxx,ZC53
hotel.bohemia@xxxx.xxx,TJ74
ariane_1love@xxxx.xxx,XG55
jhdbgd@xxxx.xxx,GT83
danieletdg@xxxx.xxx,NB27
csefy74@xxxx.xxx,FF53
maxsperati@xxxx.xxx,RN40
minyinzhu0323@xxxx.xxx,LF20
ander_atp@xxxx.xxx,JL40
piccolapupillo@xxxx.xxx,WE96
adel.abidi@xxxx.xxx,ZT23
dl7770@xxxx.xxx,EW59
tomtomtombola@xxxx.xxx,DQ69
rmontes74@xxxx.xxx,GQ90
a_nancynelson6@xxxx.xxx,UE45
stephane.porignon@xxxx.xxx,ZS59
guyver1973@xxxx.xxx,CL42
franjavsanchez@xxxx.xxx,ZU97
kemakunz72@xxxx.xxx,UB85
hnbufwua@xxxx.xxx,XD98
vera.@xxxx.xxx,MA91
lara.cortes@xxxx.xxx,ZZ53
contactoguille@xxxx.xxx,EB45
ludovicovinci@xxxx.xxx,UV63
agyenkwa2008@xxxx.xxx,NP35
pilargarandoin@xxxx.xxx,WW77
jony_34_@xxxx.xxx,WB23
lusinka1999@xxxx.xxx,RC64
rimi_al@xxxx.xxx,QG52
s.ve.ikko@xxxx.xxx,VN10
sair.42@xxxx.xxx,TD41
emilio.leccisotti@xxxx.xxx,AM80
wounded.kneed@xxxx.xxx,JO48
barbara_ferrari1990@xxxx.xxx,FS51
kurt.liebert2@xxxx.xxx,RZ74
carlosmiralles@xxxx.xxx,GU43
nolwennperrin37@xxxx.xxx,PN51
reis1_07@xxxx.xxx,KA86
100001648878388@xxxx.xxx,ZS96
ismaelgibaja@xxxx.xxx,CB75
day29@xxxx.xxx,HG56
x-afr0disiac-x@xxxx.xxx,YJ98
p.meent@xxxx.xxx,FZ98
takra55@xxxx.xxx,VN98
beacia6611@xxxx.xxx,MI86
krzysztof@xxxx.xxx,GE54
chelu_silviu2000@xxxx.xxx,ZI67
22matocha@xxxx.xxx,FR65
eliz_t@xxxx.xxx,ZD66
salahoom@xxxx.xxx,SG30
corazongrupero@xxxx.xxx,FS52
murielle.sohier0322@xxxx.xxx,IK62
jodie-88@xxxx.xxx,BX80
lukasz.beresinski@xxxx.xxx,TF92
kleine-61@xxxx.xxx,KE88
1343785422@xxxx.xxx,YW89
mdss85@xxxx.xxx,OO54
vive.les.filles@xxxx.xxx,HC86
pmary81@xxxx.xxx,LA93
yos_rappeur@xxxx.xxx,ZL32
fadime-balirak@xxxx.xxx,JT38
jessca@xxxx.xxx,JV55
chantal953@xxxx.xxx,BK42
100001608766128@xxxx.xxx,OO76
k_karim@xxxx.xxx,LU33
ozvardar@xxxx.xxx,QL60
loverygirl@xxxx.xxx,LG43
v.12.page@xxxx.xxx,YH60
geani@xxxx.xxx,YQ53
naruto19952010@xxxx.xxx,CF39
hayelkck@xxxx.xxx,JT99
banana90@xxxx.xxx,YK82
kelkitli_25@xxxx.xxx,RS83
jaime@xxxx.xxx,AH13
bastosdjo@xxxx.xxx,VG11
fbrht@xxxx.xxx,RV82
didint@xxxx.xxx,QF35
nkurt39@xxxx.xxx,GK31
vkatangwa@xxxx.xxx,ME56
f.camigliano@xxxx.xxx,BI13
dargento_stella@xxxx.xxx,GG71
erbug0671@xxxx.xxx,YL64
sonja_huizink@xxxx.xxx,ZV78
burgos289@xxxx.xxx,QZ45
enzotrani77@xxxx.xxx,YU55
s.mateo@xxxx.xxx,NT23
edkino@xxxx.xxx,MR43
pekximet35@xxxx.xxx,QF45
annact80@xxxx.xxx,YO30
pelele.mguli@xxxx.xxx,CS16
dietta_1979@xxxx.xxx,ZC27
thomas-withaar@xxxx.xxx,YR12
ay.adi@xxxx.xxx,QH25
chamero7@xxxx.xxx,MT86
kaleninefesi_71@xxxx.xxx,FE11
gertrud-krieg@xxxx.xxx,BT65
414hh@xxxx.xxx,AW74
crujiente23@xxxx.xxx,YY80
dani_18_168@xxxx.xxx,SO56
adam.video@xxxx.xxx,XO39
ezoson@xxxx.xxx,VD67
yusra__esra@xxxx.xxx,KP71
masi63aig@xxxx.xxx,MR15
jusstiiiyne@xxxx.xxx,HJ10
steph.feuillet@xxxx.xxx,ZR48
kellyp1964@xxxx.xxx,KX27
lida.fiala@xxxx.xxx,BU19
mitchell_shane@xxxx.xxx,NI12
ennio.zamuner@xxxx.xxx,KY73
m.loquen@xxxx.xxx,BY68
elveda-1986@xxxx.xxx,JZ83
r1nku@xxxx.xxx,TD96
nikoszygouris@xxxx.xxx,WU63
sist460@xxxx.xxx,KC60
abrazalavida_8@xxxx.xxx,TQ23
m.averick17@xxxx.xxx,YE40
umuttttt_13_@xxxx.xxx,YI31
famillegaborieau85@xxxx.xxx,RX44
nina_nina_85@xxxx.xxx,DE66
ana75cha@xxxx.xxx,HD97
wkrnw257@xxxx.xxx,YE65
stephanie-theiss@xxxx.xxx,PG45
jennelamarie_d@xxxx.xxx,FT71
ibellucci@xxxx.xxx,MG33
gadita1979_isla@xxxx.xxx,ZW49
a.levon@xxxx.xxx,QX42
jgolic@xxxx.xxx,GH91
duffys@xxxx.xxx,EK25
n0de@xxxx.xxx,XO52
saa.saa1755@xxxx.xxx,AB68
jlop22@xxxx.xxx,JC78
queque.kiki@xxxx.xxx,UZ32
ismfat@xxxx.xxx,JE55
sakis.95@xxxx.xxx,IB29
kirstyriches@xxxx.xxx,VR27
marijkevde@xxxx.xxx,VU38
mahdiataee1367@xxxx.xxx,JZ45
castarco@xxxx.xxx,ER39
rawan_miss92@xxxx.xxx,VR91
alabajonathan2010@xxxx.xxx,HU20
marti.cucciolotta@xxxx.xxx,QT27
k_taamali@xxxx.xxx,VD37
lord_amra@xxxx.xxx,NZ34
bitexxl@xxxx.xxx,KV91
100000177179129@xxxx.xxx,DR34
janeth19802108@xxxx.xxx,AZ61
anelou300@xxxx.xxx,QQ33
sara.smuc@xxxx.xxx,SC90
branisteclaudiu@xxxx.xxx,YM38
marta_loca_90@xxxx.xxx,SX88
sonagero@xxxx.xxx,NW32
persien86@xxxx.xxx,HP88
steenc@xxxx.xxx,VV94
bispa.1802@xxxx.xxx,KP57
gipa-t@xxxx.xxx,XX48
seninle_cehennem_oduldur_bana@xxxx.xxx,PA35
tony.kaid@xxxx.xxx,PN25
ale.card@xxxx.xxx,VQ86
neya_iulypaval@xxxx.xxx,MW47
eloiamour@xxxx.xxx,RZ27
alponka@xxxx.xxx,TQ28
paola.duttilo@xxxx.xxx,ES15
mokymber@xxxx.xxx,JQ34
polo.typhoon@xxxx.xxx,HF94
unika_isika@xxxx.xxx,XR14
nullonullo@xxxx.xxx,HE81
vanepichon23@xxxx.xxx,CU17
dostm_3_6@xxxx.xxx,EU97
miguelito_el_vago@xxxx.xxx,LK84
iau-73@xxxx.xxx,AC64
lajgar33@xxxx.xxx,KP16
romaniole@xxxx.xxx,CO74
er.cubano@xxxx.xxx,VX99
selvi-muhur@xxxx.xxx,YX22
sandramakert@xxxx.xxx,JH18
forever571@xxxx.xxx,FE68
francesconazzo@xxxx.xxx,RT46
audrey.blot@xxxx.xxx,BH60
sotpetri@xxxx.xxx,UJ81
100001780103020@xxxx.xxx,IP77
amikomikomiko@xxxx.xxx,DO64
audi_pia87@xxxx.xxx,AN52
josien220209@xxxx.xxx,AL81
doudo.berr@xxxx.xxx,GH92
ivannaonline@xxxx.xxx,CM51
mark-2pe@xxxx.xxx,RN77
medi75017@xxxx.xxx,AZ30
elianega82@xxxx.xxx,QQ24
s-pel-punt@xxxx.xxx,BG11
gernice_kawai@xxxx.xxx,TE83
impac500@xxxx.xxx,CP73
supericemail@xxxx.xxx,OZ19
principessa01-07@xxxx.xxx,UK34
giuliano.zampieri@xxxx.xxx,QL40
thegambler@xxxx.xxx,LL67
ragipbertug35@xxxx.xxx,EF67
julie1ka@xxxx.xxx,JJ83
aikten@xxxx.xxx,ME90
angelo.sant@xxxx.xxx,QF98
madeleinelara33@xxxx.xxx,IN16
garylewis1@xxxx.xxx,PG51
shero_i_84@xxxx.xxx,MI39
sexy_hetero_@xxxx.xxx,FG64
mamanaangelo@xxxx.xxx,FR69
ellemnora@xxxx.xxx,JZ95
sablaturova.e@xxxx.xxx,ML33
narcisse.6@xxxx.xxx,DY61
eliza_solis87@xxxx.xxx,KL98
noaloscorreosencadena@xxxx.xxx,TP84
ex-pres@xxxx.xxx,AN80
www.pablo-85@xxxx.xxx,TC52
kylianamandine@xxxx.xxx,SJ66
kdog10@xxxx.xxx,TA75
hasa11@xxxx.xxx,DB25
noelguy@xxxx.xxx,RD67
e.paparistodemou@xxxx.xxx,TK77
venzel@xxxx.xxx,JK16
machulka320@xxxx.xxx,VG23
gamze.cetin@xxxx.xxx,TW73
jayharia@xxxx.xxx,TA41
serrajounou@xxxx.xxx,ET70
ne.naseitz43931@xxxx.xxx,ER27
virna20@xxxx.xxx,RJ34
ketan2222@xxxx.xxx,BR46
alessia.18@xxxx.xxx,RQ56
serge.baldewyns@xxxx.xxx,IA53
jacobo_tte@xxxx.xxx,XP16
danaa_93@xxxx.xxx,CQ23
donatella.regano@xxxx.xxx,OM20
vincy03@xxxx.xxx,RT94
matheuscomodo@xxxx.xxx,BH34
snyx84@xxxx.xxx,EV85
bogoss5454@xxxx.xxx,MB94
paqueinventarna@xxxx.xxx,OV41
burbravo18@xxxx.xxx,ST50
laurinyecz.maria@xxxx.xxx,CE23
dmuts@xxxx.xxx,PA72
angicocotte@xxxx.xxx,RC61
nutsagoboard@xxxx.xxx,FT86
dfoabdoul@xxxx.xxx,JJ11
seancannusec@xxxx.xxx,VM16
bella-s_88@xxxx.xxx,JU15
najmamz@xxxx.xxx,QW49
soduvibes@xxxx.xxx,HX78
senioraaron@xxxx.xxx,XY22
a_baggio@xxxx.xxx,QF78
bu.stone@xxxx.xxx,ZL43
bayramozen_1966@xxxx.xxx,NA88
angelin.69@xxxx.xxx,RM10
catriinaa10@xxxx.xxx,KX28
roquefergon@xxxx.xxx,MA38
borjas.jesus@xxxx.xxx,IK50
lljez@xxxx.xxx,YT31
milenium_25@xxxx.xxx,GB71
estebane063@xxxx.xxx,BM47
farfallina89vale@xxxx.xxx,QG73
speedic@xxxx.xxx,VQ18
kanalci_body@xxxx.xxx,TZ58
info@xxxx.xxx,FF46
yiseokchan@xxxx.xxx,AA68
abdusuman@xxxx.xxx,UQ70
andrei_s941@xxxx.xxx,VQ82
adesanyasoji85@xxxx.xxx,XO18
dsfsdfsdfsf744dsf@xxxx.xxx,GY91
sarah-anne.viator@xxxx.xxx,UP18
miss_nanou13@xxxx.xxx,CT66
fabian@xxxx.xxx,VT28
mira.e@xxxx.xxx,FB27
jolen83@xxxx.xxx,TY18
hylaz_20@xxxx.xxx,XA27
nerd_31@xxxx.xxx,NQ16
michael_s@xxxx.xxx,VB28
jxmaya@xxxx.xxx,SQ39
yolitacrojas@xxxx.xxx,ZN74
gueyemaxime@xxxx.xxx,RS59
emine1984@xxxx.xxx,TI81
walibysprod@xxxx.xxx,ZT13
plc_2002@xxxx.xxx,NE44
rosario_2009@xxxx.xxx,WS49
devichen77@xxxx.xxx,HZ51
pedro_96517@xxxx.xxx,AG97
tinp@xxxx.xxx,YC28
miki90.m@xxxx.xxx,II48
muuu_85@xxxx.xxx,ZQ36
llega_la_cachorra@xxxx.xxx,SC62
tof.lebarbar@xxxx.xxx,BC69
fabio.mare1976@xxxx.xxx,AC63
maxtixier@xxxx.xxx,IC21
limonsuz_ask_yn@xxxx.xxx,IB71
betsummer@xxxx.xxx,IN21
ibizasparco@xxxx.xxx,SG17
ipridarina@xxxx.xxx,VM48
efsane.genc26@xxxx.xxx,WN84
agalean@xxxx.xxx,HH69
damon1973@xxxx.xxx,AN57
lalegendedu25@xxxx.xxx,MB34
k_134@xxxx.xxx,DD75
d.bans@xxxx.xxx,WP85
alexandros1111ci@xxxx.xxx,ZZ54
mariajose_no@xxxx.xxx,VW81
peyruze_murat@xxxx.xxx,PS55
carolokello3640@xxxx.xxx,NP78
dearmisterman@xxxx.xxx,MO58
clen-11@xxxx.xxx,SU23
jege23@xxxx.xxx,KZ91
claudia1987.a@xxxx.xxx,DJ40
jolicoeur69@xxxx.xxx,RG27
bleonaqerreti@xxxx.xxx,HQ73
1413491837@xxxx.xxx,XL72
ilsesomers@xxxx.xxx,YI75
just.in.space@xxxx.xxx,NI29
bellali76@xxxx.xxx,GC21
hacer.ekip@xxxx.xxx,PF99
alicja230@xxxx.xxx,QY41
albertito_travieso@xxxx.xxx,MW75
chantalstart@xxxx.xxx,CW41
manuelvaca29@xxxx.xxx,FC64
aranmercury@xxxx.xxx,BE80
serminbilyay@xxxx.xxx,LV32
mariuccio20@xxxx.xxx,EF18
bodrumun_efesi88@xxxx.xxx,FO95
niki79@xxxx.xxx,ET60
olfamoussa55@xxxx.xxx,FQ48
kaisertxikitero@xxxx.xxx,CI89
lenadla@xxxx.xxx,SP85
night_lunatica@xxxx.xxx,NW35
ahmed0043@xxxx.xxx,SJ41
zupastar7@xxxx.xxx,UE11
sardegnasassari@xxxx.xxx,DR67
marco_delise@xxxx.xxx,WR15
marifeantig@xxxx.xxx,LB43
jaimejack3@xxxx.xxx,VQ86
martheeyondifr@xxxx.xxx,IT93
abdulstars@xxxx.xxx,RU86
emii__90@xxxx.xxx,XX65
sbacon@xxxx.xxx,FY25
imccabeda_65@xxxx.xxx,AM13
wiola_sadolewska@xxxx.xxx,FN48
patrizia-alfano@xxxx.xxx,IF99
kelebek_951@xxxx.xxx,JM88
stacyzavr@xxxx.xxx,PQ82
gui.socrates2@xxxx.xxx,CP99
esmasaracdemir@xxxx.xxx,NE75
aortbauer@xxxx.xxx,SK90
james.mcgrogan@xxxx.xxx,CL62
erik46@xxxx.xxx,UN92
eu_adynutza21@xxxx.xxx,AK59
detlev.harberts@xxxx.xxx,ZE78
adolfopreverte@xxxx.xxx,PK28
albynolimits@xxxx.xxx,NZ84
serref.es@xxxx.xxx,QR47
pietro.cherchi@xxxx.xxx,QF20
riethy@xxxx.xxx,CR81
jurassic_79@xxxx.xxx,CQ48
razouker@xxxx.xxx,VD50
agatino-98@xxxx.xxx,TZ83
ievossodai@xxxx.xxx,LY19
100001140166809@xxxx.xxx,XY35
ksks80@xxxx.xxx,DB55
fredothecat@xxxx.xxx,EC24
sey13@xxxx.xxx,EO41
giucolonello@xxxx.xxx,HG13
antonyetsnap@xxxx.xxx,XJ85
catetorro@xxxx.xxx,VM99
ralf_hirscher@xxxx.xxx,AD93
allo@xxxx.xxx,EL17
100001805772616@xxxx.xxx,AU61
internship_educ87@xxxx.xxx,BS66
teixeira_sousa@xxxx.xxx,QG92
azertyuiop58@xxxx.xxx,OT48
100001381963386@xxxx.xxx,JP69
abdell.k@xxxx.xxx,BD64
iva7m@xxxx.xxx,WS91
beso08@xxxx.xxx,DG39
sarasemmy@xxxx.xxx,VC45
leonia.ianniciello@xxxx.xxx,BX55
finamarial@xxxx.xxx,LF99
rejane_avila93@xxxx.xxx,VR46
andreja.pongracic@xxxx.xxx,BF58
evamadrian@xxxx.xxx,EZ80
ab_cde_f2008@xxxx.xxx,CQ44
a.nati80@xxxx.xxx,CH57
a.....qq.q.....q...7@xxxx.xxx,ME50
peterj234@xxxx.xxx,WL53
lollo_ermeyo@xxxx.xxx,HU91
sebtitam@xxxx.xxx,JL87
simike60@xxxx.xxx,TC46
1617439721@xxxx.xxx,FL18
harcourtlee@xxxx.xxx,PU74
mrb28@xxxx.xxx,PM33
evamanuela0@xxxx.xxx,CP18
elolo05@xxxx.xxx,IA11
azikev@xxxx.xxx,RQ87
tweetymalin@xxxx.xxx,RQ69
giansem93@xxxx.xxx,VQ76
daniel_balai@xxxx.xxx,ZV47
lisalisolisa@xxxx.xxx,CV18
b_kuruoglu@xxxx.xxx,LU16
ipciogluhalil@xxxx.xxx,UW67
bes-zhy@xxxx.xxx,BZ15
ecopost.dz@xxxx.xxx,HC81
erding11@xxxx.xxx,WL37
kessi0307@xxxx.xxx,UK71
farouk.ga@xxxx.xxx,AF77
bhd13@xxxx.xxx,KW43
stellina9146@xxxx.xxx,DM96
najlio@xxxx.xxx,YD97
lolopenseatoi@xxxx.xxx,RR72
jugadordelnet@xxxx.xxx,ND23
souissijerba@xxxx.xxx,YC33
lengyi17@xxxx.xxx,OI98
aisha29sg@xxxx.xxx,IY90
karpenter1981@xxxx.xxx,CY79
meawclub1@xxxx.xxx,YP17
konstadina_choco@xxxx.xxx,OV68
mohamedmaroc@xxxx.xxx,TI29
king.rollo@xxxx.xxx,DO48
gessilory@xxxx.xxx,YW57
cocaine_lover@xxxx.xxx,UE97
je2005@xxxx.xxx,KN12
cuckycuore@xxxx.xxx,ZP32
biswa_das2009@xxxx.xxx,GV51
talihliyim@xxxx.xxx,OZ76
yolandasoymas@xxxx.xxx,KT41
niceandeasi@xxxx.xxx,BZ73
angelsanpablo9@xxxx.xxx,BY42
tigrotta802000@xxxx.xxx,TZ69
klausstaerk@xxxx.xxx,ES52
n.cannizzo@xxxx.xxx,DN57
glp72@xxxx.xxx,WM84
lololaet@xxxx.xxx,LJ80
caglar.sahins@xxxx.xxx,QG97
essegenmiki@xxxx.xxx,HH71
leticia.78@xxxx.xxx,ZS26
k.ro.1986@xxxx.xxx,ZT16
sarayy2011@xxxx.xxx,DR51
sandrasastresorell@xxxx.xxx,DS15
bibinegh@xxxx.xxx,FA86
blacklakers_91@xxxx.xxx,KT34
deniz.k40@xxxx.xxx,DW80
youngdavid@xxxx.xxx,FE31
chantal.sorin@xxxx.xxx,NB90
lilia.naa@xxxx.xxx,XY62
janaima36@xxxx.xxx,PR98
ssingho2001@xxxx.xxx,XH45
emanuela.ladina@xxxx.xxx,NB73
eugenio.formica@xxxx.xxx,IR85
anaishugon@xxxx.xxx,JJ47
nataliadearmas@xxxx.xxx,KR49
ransari1978@xxxx.xxx,DS28
estevaorpaula@xxxx.xxx,MT52
princess-20_09@xxxx.xxx,SQ10
gian-75@xxxx.xxx,VZ78
ticaflorea@xxxx.xxx,AU43
zetagi@xxxx.xxx,RJ67
bynastasia@xxxx.xxx,HN51
javito_tj@xxxx.xxx,TI60
armanda_ivone@xxxx.xxx,CW18
roppolo.antonio@xxxx.xxx,KA29
bartekpurzycki@xxxx.xxx,FZ90
patrickottenheim@xxxx.xxx,BQ36
mariaariam@xxxx.xxx,GB20
verzia@xxxx.xxx,SM22
wrpms500@xxxx.xxx,RL18
engin_78@xxxx.xxx,XF72
sabbatino_alfredo@xxxx.xxx,HI50
raiz1982@xxxx.xxx,OY86
chiaradimatteo88@xxxx.xxx,HM74
ciaokat@xxxx.xxx,AM10
armando-90@xxxx.xxx,KV86
pascale.paul@xxxx.xxx,JZ99
sladkaya_83@xxxx.xxx,TX98
pankova-julianna@xxxx.xxx,GD76
abchimado@xxxx.xxx,IV97
isa_jason@xxxx.xxx,AW40
francescolombardo84@xxxx.xxx,SW62
emilia.62150@xxxx.xxx,GR31
aliciasanzperdi12@xxxx.xxx,OE11
franjavier_32@xxxx.xxx,KT99
frank70fc@xxxx.xxx,KG56
kariny_salta@xxxx.xxx,XF60
sara.milan1@xxxx.xxx,GO70
angelrose2008@xxxx.xxx,ES59
w.gernand@xxxx.xxx,CD42
robyfornarina@xxxx.xxx,VZ76
eminem223@xxxx.xxx,GM90
recanic@xxxx.xxx,EM87
seytann_47@xxxx.xxx,DJ94
denniz_one@xxxx.xxx,TI10
a_aguilar1991@xxxx.xxx,RB38
anewintherbeck@xxxx.xxx,EB71
sdpmimine@xxxx.xxx,KO31
tina99@xxxx.xxx,PM93
blackyllow@xxxx.xxx,PU25
df82gimena@xxxx.xxx,AM37
levoyageur420@xxxx.xxx,LL29
bianchi.info@xxxx.xxx,EN16
elelinda@xxxx.xxx,FA90
maripepabermudez@xxxx.xxx,ZO64
glucarno@xxxx.xxx,RG21
danibart_5@xxxx.xxx,ZR89
toiuch-dambro@xxxx.xxx,WR85
sagal_831@xxxx.xxx,ZT81
shemalekathlyn@xxxx.xxx,UZ98
evanhoo_d@xxxx.xxx,ZA13
thiago04_@xxxx.xxx,JM96
robi.88@xxxx.xxx,XK16
cruedrich@xxxx.xxx,PU66
marcello-ascanio@xxxx.xxx,HX37
noeliaruiz89@xxxx.xxx,RY62
stronza@xxxx.xxx,YY10
bellavita84@xxxx.xxx,PG60
saveurdumonde2@xxxx.xxx,DP42
camila_mondim@xxxx.xxx,IQ14
costicosti22@xxxx.xxx,WA81
julien_laforgue@xxxx.xxx,NE92
roro0880@xxxx.xxx,RZ20
ilaria.tita@xxxx.xxx,VL52
emmapsbs@xxxx.xxx,LL56
angelafogal@xxxx.xxx,SQ28
joojoo_s67@xxxx.xxx,FH85
grimm_cleebronn@xxxx.xxx,BD55
jmokra@xxxx.xxx,PX16
melissa90@xxxx.xxx,DA85
lauretta_miao@xxxx.xxx,GT99
polotchou@xxxx.xxx,NO60
shilkojenya@xxxx.xxx,WS28
hayat.samadi@xxxx.xxx,ET28
milena.spadaro@xxxx.xxx,SK66
maciek1180@xxxx.xxx,YX87
sou3ad_85@xxxx.xxx,KM58
sa.lima22@xxxx.xxx,QX37
artesanopaco@xxxx.xxx,NF24
vadim6206@xxxx.xxx,FK65
netnikogo@xxxx.xxx,UO68
lucio.quartol@xxxx.xxx,II39
djeenlee@xxxx.xxx,WH38
nicoforever33@xxxx.xxx,GW86
costi-1@xxxx.xxx,LB76
1135962635@xxxx.xxx,II23
bu-abdulla62@xxxx.xxx,DQ24
hitch201286@xxxx.xxx,CS87
misnel_001@xxxx.xxx,NF87
saaaraaa@xxxx.xxx,VC57
yasin3461@xxxx.xxx,DC23
a.00@xxxx.xxx,VX68
yousufmarble@xxxx.xxx,PC71
zebe87@xxxx.xxx,TG36
caludiota@xxxx.xxx,PZ11
vangoth@xxxx.xxx,NP78
teddy.ricky.hermawan@xxxx.xxx,ED24
orhan_cccc_1@xxxx.xxx,VL25
dmxs@xxxx.xxx,MC50
douk11@xxxx.xxx,KW63
gracjan.bolaczek@xxxx.xxx,SQ64
theregeo@xxxx.xxx,KE58
quimcasaleiro2@xxxx.xxx,DC50
arnoldb@xxxx.xxx,LD66
emilycavaliere93@xxxx.xxx,SZ15
avellana-777@xxxx.xxx,PD72
belen590@xxxx.xxx,OQ52
brad_983@xxxx.xxx,OO26
pupi74@xxxx.xxx,RQ84
monacobleys_23@xxxx.xxx,VJ36
cedric_475510@xxxx.xxx,KJ37
marcozoto@xxxx.xxx,CW79
mcasaoui@xxxx.xxx,UP82
giuseppeboo@xxxx.xxx,GH22
juju182_91@xxxx.xxx,AV89
anya-kharitonenko@xxxx.xxx,DN61
marinkovic.milica97@xxxx.xxx,RR68
bertrand.garima@xxxx.xxx,PE40
had3s-1905-as1r@xxxx.xxx,YD13
wiolwoj@xxxx.xxx,LF72
marinavr88@xxxx.xxx,OL53
dany90esposito@xxxx.xxx,ZY38
sally.m.24@xxxx.xxx,RW51
csmit48@xxxx.xxx,KW26
beata8316@xxxx.xxx,XC82
akegarin99@xxxx.xxx,GW18
francesca.mancuso@xxxx.xxx,DC16
tarcisioboy@xxxx.xxx,LN58
twink4fun@xxxx.xxx,ZZ82
alole.lolifant@xxxx.xxx,OW90
chun.saw@xxxx.xxx,HV85
marin_the_best@xxxx.xxx,PS69
azn.melii@xxxx.xxx,SR29
josubilbao15@xxxx.xxx,NO96
lindis_68@xxxx.xxx,TB41
gregall@xxxx.xxx,RC84
ramazankandemir57@xxxx.xxx,WQ79
bennyricotta@xxxx.xxx,NP81
ange-love@xxxx.xxx,KY55
sponio@xxxx.xxx,ZB63
fjros@xxxx.xxx,NU62
dejanrokvic@xxxx.xxx,FT15
zocha73@xxxx.xxx,NW65
choupuce@xxxx.xxx,NT43
gl.maniscalco@xxxx.xxx,CQ87
cristina_delos_pinos@xxxx.xxx,VY84
awsedeft34@xxxx.xxx,ZT96
t.schemmel@xxxx.xxx,QT11
cipollinabumbum@xxxx.xxx,BB15
to_arouze@xxxx.xxx,TL62
laura.volpato1984@xxxx.xxx,MF94
maitreamonraoul@xxxx.xxx,WM93
mar_ar_1992@xxxx.xxx,XT77
casadomorboso31@xxxx.xxx,MI22
marly_gijsbers@xxxx.xxx,MP56
francisco.blanco@xxxx.xxx,FV52
gibarraud@xxxx.xxx,ND26
linda_patterson1@xxxx.xxx,IX55
nb78@xxxx.xxx,CM35
h.r.t.h@xxxx.xxx,OD15
collinsmincks6641.8@xxxx.xxx,RY31
mismo@xxxx.xxx,YK70
babycamila59@xxxx.xxx,GG19
pioggial@xxxx.xxx,WH46
100000439572697@xxxx.xxx,RD90
neirivan@xxxx.xxx,PO76
monangmanoellang@xxxx.xxx,EF76
daniele.vezzali@xxxx.xxx,VE78
sylvie.jousse@xxxx.xxx,LI48
spingardino@xxxx.xxx,KR84
ok-tem@xxxx.xxx,PQ47
yokyokyok-52@xxxx.xxx,PE60
barryc@xxxx.xxx,GT17
nooployzaa@xxxx.xxx,JG61
yvesrb44@xxxx.xxx,ML31
karinaroum@xxxx.xxx,GU98
sobaka16038@xxxx.xxx,KV60
miss_me94@xxxx.xxx,FI69
lisaasta@xxxx.xxx,XT38
patricia.grancourt@xxxx.xxx,PV32
pamela34000@xxxx.xxx,TO70
rossi.giacomo@xxxx.xxx,VQ22
sandrax_cool@xxxx.xxx,CP40
alessandromarte@xxxx.xxx,UT50
datch@xxxx.xxx,YU84
liamwalsh31@xxxx.xxx,EO82
timoysha@xxxx.xxx,JA93
pilealle11@xxxx.xxx,IE97
mla_superstar@xxxx.xxx,YW94
andrea50sr@xxxx.xxx,RC85
jfrh1979@xxxx.xxx,SX48
miss.miranda-1980@xxxx.xxx,XL13
gfgghjk@xxxx.xxx,WO55
schakira94@xxxx.xxx,AE64
saratravaglione@xxxx.xxx,WM48
dieueddy@xxxx.xxx,DO94
raissa2009@xxxx.xxx,ST17
boughanemi.mohamed@xxxx.xxx,GS14
xal_ly_angels_single@xxxx.xxx,QT50
kikkina.m_93@xxxx.xxx,LH40
hayrettin.ozbay@xxxx.xxx,YV49
napoli-95.211@xxxx.xxx,OA39
iuri_facething@xxxx.xxx,JH16
maria.ml87@xxxx.xxx,QP38
ardechoix007@xxxx.xxx,OO82
ezouam@xxxx.xxx,MD47
haulton21@xxxx.xxx,CO58
scotsoldier@xxxx.xxx,IG63
a_michelleking2@xxxx.xxx,PL99
100001156985762@xxxx.xxx,PA13
pascassoaf@xxxx.xxx,LF61
anacarrera_91191@xxxx.xxx,HI98
drugaladygaga@xxxx.xxx,SJ14
toni0408@xxxx.xxx,OV17
roby0776@xxxx.xxx,GJ81
uhud_44@xxxx.xxx,FU50
michele_kurtz@xxxx.xxx,HU72
dlcksdid25@xxxx.xxx,DP52
desiredesantis79@xxxx.xxx,QY32
goccia.81@xxxx.xxx,UG90
vir_55@xxxx.xxx,GY18
tortino21@xxxx.xxx,ZC10
markoscher@xxxx.xxx,ZJ74
giorgio.orlandi@xxxx.xxx,HO56
jcsotaminga@xxxx.xxx,FG96
agi@xxxx.xxx,UW84
jean_jean_66@xxxx.xxx,GE13
yeyo3@xxxx.xxx,FJ39
kratzenberg.norbert@xxxx.xxx,AI74
martinjag@xxxx.xxx,ID60
julio.laguna@xxxx.xxx,CK14
marcozu83@xxxx.xxx,EX17
pestinio@xxxx.xxx,AY81
melaniezet_76@xxxx.xxx,QT16
bigdig777@xxxx.xxx,UB58
korayaslan35@xxxx.xxx,OA57
mbenguevita@xxxx.xxx,UW32
artvinli_burak08@xxxx.xxx,WH26
saya_blood@xxxx.xxx,PO61
misspechugona08@xxxx.xxx,SS28
lopin83@xxxx.xxx,XG70
maria_staurou@xxxx.xxx,ZL63
the_arrival@xxxx.xxx,SU74
laspicontakt@xxxx.xxx,FC23
pidowaalima@xxxx.xxx,XV16
mona.k.h@xxxx.xxx,DV34
ana_pat_jesus@xxxx.xxx,NA66
adam-fouzia@xxxx.xxx,TF45
jcaptri@xxxx.xxx,RH38
filippo.let@xxxx.xxx,RJ40
zilzal101@xxxx.xxx,OS33
ciornex@xxxx.xxx,SK75
umerafzal2355@xxxx.xxx,QK90
kawsusaho@xxxx.xxx,GJ88
cramledreh@xxxx.xxx,QL85
dajosova@xxxx.xxx,LB65
mariahortensiacano@xxxx.xxx,PD70
scarte8@xxxx.xxx,VQ54
mati118@xxxx.xxx,IX46
alwefaa2001@xxxx.xxx,PT23
edehchinedu19@xxxx.xxx,SV22
esmerayo__0@xxxx.xxx,WG24
tarotaro7203@xxxx.xxx,XT45
jessi8041@xxxx.xxx,RO83
kuddelk24@xxxx.xxx,BS64
sfasato73@xxxx.xxx,GC61
espadachin_ct@xxxx.xxx,PA71
summer_rain.sml-08@xxxx.xxx,FY59
arosablue@xxxx.xxx,QR70
ojoqteveo@xxxx.xxx,MJ21
cocogerard87@xxxx.xxx,MF92
tere-lg@xxxx.xxx,DE47
valle-9@xxxx.xxx,GJ73
audreybanuls2802@xxxx.xxx,ZK99
rimhan_@xxxx.xxx,MP87
maxibuchtik@xxxx.xxx,WH63
akaete@xxxx.xxx,EI29
micheleke@xxxx.xxx,ST48
danpius1@xxxx.xxx,YU22
marmohe01@xxxx.xxx,MO27
625119736@xxxx.xxx,OB40
ageirna@xxxx.xxx,DP15
tartavladd@xxxx.xxx,JM36
mclady51@xxxx.xxx,XB23
topinoto08@xxxx.xxx,CZ62
yarli1979@xxxx.xxx,RV10
adriwolf71@xxxx.xxx,PO98
davixd@xxxx.xxx,DB38
er.tekincan@xxxx.xxx,HJ23
jouer.83@xxxx.xxx,OF20
helio_sonson@xxxx.xxx,OQ28
little.saturday@xxxx.xxx,DC87
g.tristan@xxxx.xxx,EK59
budyak.uliya@xxxx.xxx,CS67
kawashin007@xxxx.xxx,PU92
domi908@xxxx.xxx,YE95
teerapont7@xxxx.xxx,CD40
michelemanuto@xxxx.xxx,IY75
albertfpn@xxxx.xxx,KE94
bren_lyn08@xxxx.xxx,WN17
georgiana_scumpik12@xxxx.xxx,WY41
cetera@xxxx.xxx,YP91
missbabs80@xxxx.xxx,ZZ63
paparest@xxxx.xxx,NH65
tequila_drinker88@xxxx.xxx,IQ57
el-mayimbe@xxxx.xxx,OW90
nataliasanisidro@xxxx.xxx,KC48
tonychapman713@xxxx.xxx,FR84
gretolina_88@xxxx.xxx,QH83
bam_is@xxxx.xxx,VN99
kha_bil@xxxx.xxx,RG30
mariorennie@xxxx.xxx,VS51
cristian.tosi76@xxxx.xxx,DF67
mdgarcia_57@xxxx.xxx,BZ62
milena.cuomo@xxxx.xxx,PQ23
genc_fberhan@xxxx.xxx,SC36
ffrraa@xxxx.xxx,IC82
threepeak@xxxx.xxx,CB24
fevziyeha@xxxx.xxx,FQ84
nonodu084@xxxx.xxx,OS17
mbhele.dumisani408@xxxx.xxx,HP21
van_sevan@xxxx.xxx,NR20
gomes1993@xxxx.xxx,UN68
g_idele@xxxx.xxx,PQ54
zwirnwusti@xxxx.xxx,CL91
mercedita87@xxxx.xxx,DF35
shahrulwawasan2020@xxxx.xxx,PC58
kopuq__girl@xxxx.xxx,TP55
mimmo.ali@xxxx.xxx,JB51
giuseppe.baccaro@xxxx.xxx,UE54
andrearomeo@xxxx.xxx,EY85
sexysaritax572@xxxx.xxx,QE45
luca_ion01@xxxx.xxx,XJ45
vinceetnico60@xxxx.xxx,XL14
pokero_fuenla@xxxx.xxx,ML52
salvatore.pani@xxxx.xxx,XC49
charlysurxerez@xxxx.xxx,WB97
arleta-rybacka@xxxx.xxx,XF54
baronegiuly@xxxx.xxx,BQ50
lasoulz@xxxx.xxx,NV40
so.chris-je-ky@xxxx.xxx,TK85
ellina_83@xxxx.xxx,UI18
ejderin_kozu03@xxxx.xxx,IE48
rossiemy@xxxx.xxx,WE57
p.carreira20@xxxx.xxx,PP70
neguramircea68@xxxx.xxx,WJ56
elli.helli@xxxx.xxx,MB31
pazos.rey@xxxx.xxx,KA44
locotico72@xxxx.xxx,AN62
newworld4455@xxxx.xxx,LD42
kolokito@xxxx.xxx,FC98
nanda_solitaria@xxxx.xxx,MS45
100002057318899@xxxx.xxx,KD97
louweder@xxxx.xxx,EP69
m3lo_91@xxxx.xxx,GA55
kakudji.luhalwe@xxxx.xxx,DV46
domenico.gueli.bmmf@xxxx.xxx,QA79
dekabr53657@xxxx.xxx,PJ38
kiprida1981@xxxx.xxx,OO20
artiste_1@xxxx.xxx,ZV82
giuseppina.fumarola@xxxx.xxx,RM98
sweetlana@xxxx.xxx,ZG82
reimondobonazzi@xxxx.xxx,YT56
biscutin.sivi@xxxx.xxx,IN56
manufa@xxxx.xxx,CL80
emily_ertugrul33@xxxx.xxx,YQ90
soryxinzo@xxxx.xxx,VB48
cettinuccia@xxxx.xxx,NC32
nicolas.mikalef@xxxx.xxx,TV48
zitababa95@xxxx.xxx,ZJ62
abeer525@xxxx.xxx,OB55
marco.gonano@xxxx.xxx,FH60
giovannifiliberto@xxxx.xxx,NX27
dana_hamdan94@xxxx.xxx,TG70
graziana93@xxxx.xxx,HA75
mehditecno@xxxx.xxx,XO56
zdendanecas@xxxx.xxx,ZZ30
luispaz0562055@xxxx.xxx,FY76
crystell@xxxx.xxx,KD48
jghjhgjhgjfjhjjhjhjj@xxxx.xxx,KJ54
vitor_cardoso_@xxxx.xxx,HQ51
furetto_1974@xxxx.xxx,NY85
fernando_mconde@xxxx.xxx,AM35
maikel.sheoratan@xxxx.xxx,VW29
menndieta6@xxxx.xxx,CD20
mjdelaunoy@xxxx.xxx,OG82
med_evil666@xxxx.xxx,SP51
apatel@xxxx.xxx,RC90
storm-mazda@xxxx.xxx,MN14
nieblases@xxxx.xxx,ZJ73
froypozos68@xxxx.xxx,QO16
adri_ventosela@xxxx.xxx,TS37
pieri.fabio@xxxx.xxx,SI54
giannaalbani@xxxx.xxx,ZT62
kumar_jordan@xxxx.xxx,IL54
simonegeod@xxxx.xxx,OG68
dokulilova.eva@xxxx.xxx,LF54
danielkovar@xxxx.xxx,RB85
tomellinimaxime@xxxx.xxx,UP43
giuseppecrifaci@xxxx.xxx,RV89
caroleriffard@xxxx.xxx,LG55
aarandafuentes@xxxx.xxx,SX16
eyyyhayat@xxxx.xxx,SB35
frenchtouch83@xxxx.xxx,RF50
ak3112@xxxx.xxx,BV26
princesad8@xxxx.xxx,FS32
nini0501@xxxx.xxx,YD77
brandon_fernandes10@xxxx.xxx,YH62
platinette78@xxxx.xxx,ZG23
radimpaszek@xxxx.xxx,DF75
markovattila@xxxx.xxx,AC44
imad_poet@xxxx.xxx,RK39
soniatiagosilva24@xxxx.xxx,SX63
mrktopo@xxxx.xxx,DK20
zainab8660@xxxx.xxx,FP85
tristanchos@xxxx.xxx,DZ23
100001911941194@xxxx.xxx,CE89
karlos_99@xxxx.xxx,MN28
remc1984@xxxx.xxx,WY80
annalisa.pesce@xxxx.xxx,AZ41
100001577106574@xxxx.xxx,ZS95
joaosilva15@xxxx.xxx,GS46
gianka.1@xxxx.xxx,SO51
bathilysamba01@xxxx.xxx,BH96
schnellmi@xxxx.xxx,AR24
ariannapara@xxxx.xxx,SB59
samira-nabil@xxxx.xxx,WR11
fedmorf@xxxx.xxx,VP10
davide.costantini@xxxx.xxx,KC68
collobert.sophie@xxxx.xxx,WQ95
dunya.bond@xxxx.xxx,NV43
100000923247290@xxxx.xxx,FX66
firmapatat@xxxx.xxx,SI62
buntikaa_1@xxxx.xxx,EY88
miggiano_emanuele@xxxx.xxx,RS50
nightclub11@xxxx.xxx,SX19
moqrane_1@xxxx.xxx,AI14
saleembabuup@xxxx.xxx,CV87
guhqs@xxxx.xxx,QH73
alessium-c@xxxx.xxx,UN59
simo.ibra@xxxx.xxx,PG95
supernikaa@xxxx.xxx,FO50
good-medical@xxxx.xxx,DQ19
meloman003@xxxx.xxx,DA73
iuggvfffc.@xxxx.xxx,QS84
juanpi_eldk_22@xxxx.xxx,TJ61
hermes040@xxxx.xxx,OK92
kirian_@xxxx.xxx,KY57
h4a-102@xxxx.xxx,AK96
io_ire@xxxx.xxx,DS94
sitamestre_69@xxxx.xxx,GK29
nabiel1997@xxxx.xxx,VK94
teumachristine@xxxx.xxx,AM39
pinar_naci@xxxx.xxx,AO44
fx.o.wor.k..ma.ng..ole.t.a@xxxx.xxx,YU41
ark79@xxxx.xxx,VJ11
bm_azer@xxxx.xxx,SI30
risty2000@xxxx.xxx,YP45
flopa5@xxxx.xxx,OD13
atef20@xxxx.xxx,PC13
hamid_pink2000@xxxx.xxx,YT56
oxeya69@xxxx.xxx,TU62
diabolo1975@xxxx.xxx,UD44
gio.ade@xxxx.xxx,SS97
mariorossetti1985@xxxx.xxx,PW44
vivi883@xxxx.xxx,UQ98
luis_encinas67@xxxx.xxx,CO93
carofac@xxxx.xxx,OT53
b3dk@xxxx.xxx,XP28
enrics@xxxx.xxx,RR38
roon-s13003@xxxx.xxx,EJ50
vineet.tkr@xxxx.xxx,PY35
bergheaudserge@xxxx.xxx,IV71
manu.urbinelli@xxxx.xxx,PL43
simon@xxxx.xxx,JB95
grzegorzcaputa@xxxx.xxx,XA47
y33_aimgain.1000@xxxx.xxx,NY79
k.p.kopczewscy@xxxx.xxx,IM95
remziersoy36@xxxx.xxx,EX82
fcaturegli@xxxx.xxx,DK83
lizeth_11@xxxx.xxx,DT24
robyroby_1968@xxxx.xxx,XN74
nurigeme@xxxx.xxx,UN91
100001578498607@xxxx.xxx,DS57
b.milanko@xxxx.xxx,EK63
paulomendes32_@xxxx.xxx,OY54
g.jebsen@xxxx.xxx,OX36
malesab@xxxx.xxx,BX16
peterdiablo@xxxx.xxx,OT56
pisanorla@xxxx.xxx,YF74
greatsuccess09@xxxx.xxx,YR80
nabill2008@xxxx.xxx,EP35
maverickmatt@xxxx.xxx,KN94
zaidham@xxxx.xxx,EV91
maeva956@xxxx.xxx,AB89
evelynaw@xxxx.xxx,JF74
soumiya69@xxxx.xxx,EO34
kutasi.judit@xxxx.xxx,QU49
irinagiallorossa@xxxx.xxx,EC29
katherine22@xxxx.xxx,LS46
rennalu@xxxx.xxx,BF92
conrado28@xxxx.xxx,VE99
lordvinni@xxxx.xxx,ST14
beyaz.mehmet@xxxx.xxx,JL69
tremendo3@xxxx.xxx,RY79
jean-michel.grandemange@xxxx.xxx,UM94
nicolas_anelka_aykut@xxxx.xxx,SP34
karelle98@xxxx.xxx,DF60
ingenieur_ucl@xxxx.xxx,TQ95
anja-5995@xxxx.xxx,XH68
bu_sonn@xxxx.xxx,UM54
1503368665@xxxx.xxx,ZE13
as-mali@xxxx.xxx,OD49
yoo_c_moi@xxxx.xxx,VP43
donjose_cs@xxxx.xxx,CF18
ug_95@xxxx.xxx,GU47
office@xxxx.xxx,HE68
titi_xa@xxxx.xxx,JW75
destructor_156@xxxx.xxx,JF11
pifonissa_ata@xxxx.xxx,XE18
cbouthaina@xxxx.xxx,KN77
corleone_07@xxxx.xxx,KN82
na2007_@xxxx.xxx,BL65
e.o.albayrak@xxxx.xxx,JW59
antoniocarvalho81@xxxx.xxx,KT83
mpanzulu72@xxxx.xxx,IC58
rosi-sin@xxxx.xxx,QH43
leonor_oleiro48@xxxx.xxx,ZI79
keiri@xxxx.xxx,AJ66
tiopampl22@xxxx.xxx,CQ39
n.semprez@xxxx.xxx,NA12
rebmargarito@xxxx.xxx,CM21
miss_badgirle@xxxx.xxx,DE80
andy_scream_th@xxxx.xxx,KK82
sebsv650s@xxxx.xxx,LZ93
phipse.heckmann@xxxx.xxx,JP85
abel_t_madrid@xxxx.xxx,NE18
vfhfn000@xxxx.xxx,DY32
k_meeuwissen@xxxx.xxx,RT98
ayhan_ive@xxxx.xxx,PJ95
ummet9@xxxx.xxx,YB23
m.awais98@xxxx.xxx,QO69
theperfictangel@xxxx.xxx,UT83
bonvo@xxxx.xxx,PI22
ash_al7@xxxx.xxx,QI62
1393294576@xxxx.xxx,UI47
segach10@xxxx.xxx,LE38
wishes4friend@xxxx.xxx,ZS84
macamad_yosif@xxxx.xxx,HO31
saez.charo@xxxx.xxx,XA15
hierakliu-mnl@xxxx.xxx,GE81
mkreuger@xxxx.xxx,BR19
martijn_vth@xxxx.xxx,JF75
ericsson.mx@xxxx.xxx,AY49
1127235895@xxxx.xxx,VJ11
peter_mallorca@xxxx.xxx,PD54
lolaveas29@xxxx.xxx,QI65
el_mohb98@xxxx.xxx,VE97
bunkov1983@xxxx.xxx,RR50
igor_expai@xxxx.xxx,DY40
hcruy@xxxx.xxx,VF80
canerkoc_55@xxxx.xxx,LT60
michael.sten@xxxx.xxx,UG63
romanntica_@xxxx.xxx,LF20
bylrby34@xxxx.xxx,DD50
liliwided@xxxx.xxx,TD85
pplanson@xxxx.xxx,NR71
makels@xxxx.xxx,LB95
greenwitch54@xxxx.xxx,AZ78
fred62660@xxxx.xxx,BG13
anapazdesejado@xxxx.xxx,FR21
k_a_chu@xxxx.xxx,VH10
meli5276@xxxx.xxx,ZJ86
amal_mm2009@xxxx.xxx,KK79
forever.joung@xxxx.xxx,JX59
baz_odedra@xxxx.xxx,SI24
djahmila@xxxx.xxx,QQ57
derin_mavilikler_asu@xxxx.xxx,OO34
parvalencia30@xxxx.xxx,ZT23
fur1ttu@xxxx.xxx,WY74
garopc@xxxx.xxx,GQ52
ramazan.minel@xxxx.xxx,JW44
